id,name,email,department,face_encoding,is_active,created_at,updated_at,location_id,original_id,location_name,export_timestamp
1,John Doe,john.doe@nsight.com,Engineering,"[0.1, 0.1, 0.1, 0.1, 0.1, 0.1, 0.1, 0.1, 0.1, 0.1, 0.1, 0.1, 0.1, 0.1, 0.1, 0.1, 0.1, 0.1, 0.1, 0.1, 0.1, 0.1, 0.1, 0.1, 0.1, 0.1, 0.1, 0.1, 0.1, 0.1, 0.1, 0.1, 0.1, 0.1, 0.1, 0.1, 0.1, 0.1, 0.1, 0.1, 0.1, 0.1, 0.1, 0.1, 0.1, 0.1, 0.1, 0.1, 0.1, 0.1, 0.1, 0.1, 0.1, 0.1, 0.1, 0.1, 0.1, 0.1, 0.1, 0.1, 0.1, 0.1, 0.1, 0.1, 0.1, 0.1, 0.1, 0.1, 0.1, 0.1, 0.1, 0.1, 0.1, 0.1, 0.1, 0.1, 0.1, 0.1, 0.1, 0.1, 0.1, 0.1, 0.1, 0.1, 0.1, 0.1, 0.1, 0.1, 0.1, 0.1, 0.1, 0.1, 0.1, 0.1, 0.1, 0.1, 0.1, 0.1, 0.1, 0.1, 0.1, 0.1, 0.1, 0.1, 0.1, 0.1, 0.1, 0.1, 0.1, 0.1, 0.1, 0.1, 0.1, 0.1, 0.1, 0.1, 0.1, 0.1, 0.1, 0.1, 0.1, 0.1, 0.1, 0.1, 0.1, 0.1, 0.1, 0.1]",1,2025-07-12 21:46:42.567320,2025-07-12 21:46:42.567326,3.0,1,West Coast Office,2025-08-08T12:00:22.557577
2,Jane Smith,jane.smith@nsight.com,Data Science,"[0.2, 0.2, 0.2, 0.2, 0.2, 0.2, 0.2, 0.2, 0.2, 0.2, 0.2, 0.2, 0.2, 0.2, 0.2, 0.2, 0.2, 0.2, 0.2, 0.2, 0.2, 0.2, 0.2, 0.2, 0.2, 0.2, 0.2, 0.2, 0.2, 0.2, 0.2, 0.2, 0.2, 0.2, 0.2, 0.2, 0.2, 0.2, 0.2, 0.2, 0.2, 0.2, 0.2, 0.2, 0.2, 0.2, 0.2, 0.2, 0.2, 0.2, 0.2, 0.2, 0.2, 0.2, 0.2, 0.2, 0.2, 0.2, 0.2, 0.2, 0.2, 0.2, 0.2, 0.2, 0.2, 0.2, 0.2, 0.2, 0.2, 0.2, 0.2, 0.2, 0.2, 0.2, 0.2, 0.2, 0.2, 0.2, 0.2, 0.2, 0.2, 0.2, 0.2, 0.2, 0.2, 0.2, 0.2, 0.2, 0.2, 0.2, 0.2, 0.2, 0.2, 0.2, 0.2, 0.2, 0.2, 0.2, 0.2, 0.2, 0.2, 0.2, 0.2, 0.2, 0.2, 0.2, 0.2, 0.2, 0.2, 0.2, 0.2, 0.2, 0.2, 0.2, 0.2, 0.2, 0.2, 0.2, 0.2, 0.2, 0.2, 0.2, 0.2, 0.2, 0.2, 0.2, 0.2, 0.2]",1,2025-07-12 21:46:42.582540,2025-07-12 21:46:42.582548,1.0,2,Main Office,2025-08-08T12:00:22.557577
3,Mike Johnson,mike.johnson@nsight.com,Product Management,"[0.3, 0.3, 0.3, 0.3, 0.3, 0.3, 0.3, 0.3, 0.3, 0.3, 0.3, 0.3, 0.3, 0.3, 0.3, 0.3, 0.3, 0.3, 0.3, 0.3, 0.3, 0.3, 0.3, 0.3, 0.3, 0.3, 0.3, 0.3, 0.3, 0.3, 0.3, 0.3, 0.3, 0.3, 0.3, 0.3, 0.3, 0.3, 0.3, 0.3, 0.3, 0.3, 0.3, 0.3, 0.3, 0.3, 0.3, 0.3, 0.3, 0.3, 0.3, 0.3, 0.3, 0.3, 0.3, 0.3, 0.3, 0.3, 0.3, 0.3, 0.3, 0.3, 0.3, 0.3, 0.3, 0.3, 0.3, 0.3, 0.3, 0.3, 0.3, 0.3, 0.3, 0.3, 0.3, 0.3, 0.3, 0.3, 0.3, 0.3, 0.3, 0.3, 0.3, 0.3, 0.3, 0.3, 0.3, 0.3, 0.3, 0.3, 0.3, 0.3, 0.3, 0.3, 0.3, 0.3, 0.3, 0.3, 0.3, 0.3, 0.3, 0.3, 0.3, 0.3, 0.3, 0.3, 0.3, 0.3, 0.3, 0.3, 0.3, 0.3, 0.3, 0.3, 0.3, 0.3, 0.3, 0.3, 0.3, 0.3, 0.3, 0.3, 0.3, 0.3, 0.3, 0.3, 0.3, 0.3]",1,2025-07-12 21:46:42.592644,2025-07-12 21:46:42.592653,1.0,3,Main Office,2025-08-08T12:00:22.557577
4,Alice Johnson,alice.johnson@nsight.com,Engineering,"[-0.3875356409023891, -0.46987286878498846, -0.6078798736976971, -0.1389570468659047, -0.9537728960158895, -0.6084361698320273, -0.2943894230625488, -0.5535159613085228, 0.22704371139309165, 0.16091422317770832, 0.7071353570891019, -0.9177389269236287, -0.023651125017809305, 0.8416523125864159, -0.7817962333622865, -0.1778867553912875, -0.05974635505088988, -0.7454069026095826, 0.9647100005819487, -0.9593680675892531, 0.41097209602393026, 0.9310182846896795, -0.2945092167328325, 0.21178951585760042, -0.5652393278970429, 0.9839390925752733, 0.3383591268773791, 0.38607948370394873, -0.6490581463672329, 0.6608976105749274, -0.5076244671413175, 0.20839138656717981, 0.6370241130720138, -0.16450709659092055, -0.8770619107073914, 0.8145081057581716, 0.467730823521302, -0.23926804574411875, -0.2116168580149893, 0.7572067541582423, -0.7763410643274757, -0.13142644227558953, 0.1371233736679529, -0.9607582734347526, -0.26970661956184916, -0.060922184129449164, -0.5094669456707253, 0.09929954034733846, -0.12772961708306108, 0.8635021182999094, -0.4102157841536056, -0.15753201756681445, -0.5003694958937448, -0.11593086728876068, 0.1667717498954555, 0.5204165899606765, 0.46685633328895526, 0.44420231435186985, 0.47701000767614676, 0.02348411715172327, -0.4797168459049055, 0.5413634110990568, 0.01285310239532289, -0.2691640943483842, -0.6157982868870846, -0.6712471919438219, -0.7805418429559889, 0.460130309721847, 0.1251544345349045, 0.7840313183324041, -0.6098501452952179, 0.7895395695792646, -0.9148668099525046, -0.11334041577652454, 0.7866850436028012, 0.3378352570226535, 0.6422495306667406, 0.3232747261598792, -0.6638827964341023, 0.3969936353134229, 0.24875569618465443, 0.32000260558699, 0.8857657808891453, 0.58691297018222, 0.9627727424943, 0.9443533534652719, -0.6833351251522362, 0.4590465504769843, 0.5001492889779533, 0.6684807875570564, 0.8895195950960799, 0.49786631451434404, -0.6447453094555202, 0.8344934540726152, 0.46222140660309874, -0.597746073718741, 0.5443563592461231, 0.004376755653319631, 0.5263428837724264, 0.8540801447837161, -0.6996023947034224, 0.7809955632984888, 0.23076548564492616, 0.7070005524626901, -0.7942519628781743, -0.8541770615970956, -0.311764182646014, -0.3630676700191051, -0.22411257311759591, 0.5663241556913061, 0.6859120608751126, -0.2585396377640068, -0.4063861656343781, 0.991794206494039, 0.764841481444221, 0.6389443162061783, 0.9486350754505863, 0.12221002192177477, -0.33842922662512187, -0.3813528093805132, -0.7758350888765624, 0.3152671382786121, -0.4518769688576172, -0.29310878389034567, 0.6732182086130079, 0.30495282806293367, -0.0801644259698604, 0.5959065440575702]",1,2025-07-12 21:48:39.648719,2025-07-12 21:48:39.648729,3.0,4,West Coast Office,2025-08-08T12:00:22.557577
5,Bob Smith,bob.smith@nsight.com,Data Science,"[-0.7420234226762601, -0.07768763441538118, -0.16769213745310507, 0.2054484631531346, -0.6338639061254296, -0.16417457331586993, -0.7318225871042747, 0.3132362551550003, 0.6134646371952983, -0.7237160814830907, -0.2992305257439445, 0.22903161073293, 0.10256057539079699, 0.38494930474916744, -0.9094795680265388, -0.2948976841512432, -0.9162168646855162, -0.6990307069805743, -0.3233288562686021, -0.6734448699419939, 0.5219494651846577, -0.30679611848787225, -0.47601763093549265, -0.6286232529056033, 0.8080282934445331, -0.5850431269588603, -0.307429106506677, -0.23486826070783628, -0.8975839338450537, 0.7417433146785475, 0.32078472221133736, 0.7091315604012716, -0.9780840291755268, 0.6018936169653566, -0.22881612577234223, -0.06955833765336128, -0.5220655410490402, -0.3995965119041096, -0.9162224944663173, 0.16154937422897242, -0.21191453569071794, 0.8233721468105117, -0.6548998229018743, -0.30402974379650094, 0.6775884519728166, -0.4312586778898122, 0.21965886554542524, -0.09193695977989425, -0.10163648806660186, -0.5952181033259905, -0.8154284045239495, 0.5029318010972328, 0.7752491050518635, 0.6242259249957962, 0.6226010878836115, -0.091074886404932, 0.7636028365020087, 0.47265932053859494, 0.6211308143352123, -0.5045492868227395, -0.2702140542337854, 0.49274925133499514, 0.643054967674213, -0.2900580853546082, -0.752162469799295, 0.7589180157255309, 0.011832370139281512, -0.1839667162490759, 0.7682977952075654, 0.7642410028117397, 0.906398017267938, 0.8728529307434816, -0.29223800437982494, 0.16788006224584406, -0.4477407088135019, 0.6791956305266342, 0.566613554619767, 0.8675486956774292, -0.011605594353815363, -0.25210802461631787, 0.1656688256728036, -0.5093615747933662, 0.6206315430259268, -0.3246502106756346, -0.07114311155140873, -0.8236126890898017, 0.33106663372688616, -0.01690254490252152, -0.7613797210231856, -0.4911463698925158, 0.10608759472311369, -0.6414918533158429, 0.23489320867935848, 0.6588529463843948, -0.47562327759309353, 0.26910266046522, 0.935505113965551, -0.5771337949719846, 0.9850145341438856, -0.4059570964735686, -0.3258824834472418, 0.8495179144785912, -0.5891549258324646, 0.3783308054297876, -0.7530747068640804, 0.7114112403597346, 0.045470206713944306, 0.3983269353021657, -0.6656567621136, 0.5311417231636149, -0.41029273306032854, -0.5266488182414644, 0.8606475682805719, 0.327949558422173, -0.19708223574237826, -0.09552604949707821, -0.3913614945175594, 0.7854652850877384, -0.2672693628914933, -0.020154116636746933, -0.9518895233577094, -0.5807416814622868, 0.7881037224587129, -0.09243263725082373, 0.3203538799613419, 0.0706509538018214, 0.04541633221051522, 0.997990266163713]",1,2025-07-12 21:48:39.667481,2025-07-12 21:48:39.667490,1.0,5,Main Office,2025-08-08T12:00:22.557577
6,Carol Davis,carol.davis@nsight.com,Product Management,"[0.19561159617994162, -0.12813242228012234, -0.9662600122168035, 0.1933749167844061, 0.7899562021106941, 0.06925512892439967, -0.9880893924532279, 0.8043590139319488, 0.5090392357341202, -0.6557924523916914, 0.46005823541818414, -0.25374990840488043, -0.635374412677598, -0.10931755437916668, -0.42626602135038394, -0.17843825605105423, -0.11316504363617885, -0.6457886330837783, -0.48055824570022043, -0.5408527648305099, -0.19112194759630352, 0.019684507101829007, -0.17194676970340428, -0.40352063731150367, -0.06890273743059327, -0.13205259117372603, -0.5282529051806366, 0.2741251393882618, -0.6082696489500645, 0.9875325464911318, 0.6613397722413976, 0.8488591423252976, -0.4305719155674739, -0.2265274469549432, 0.17206985375238526, -0.09030081474327889, 0.6822723487621296, -0.362780628261671, -0.1094924554801413, -0.4023233682465208, -0.3307682571766404, -0.49272898559041045, -0.09734340371471695, 0.5941722236746909, -0.1942734725227433, -0.8527854883435824, 0.4584296415687159, -0.20554457125727588, 0.14744779940586272, -0.39128958022440985, -0.7656368240875482, -0.34726337494558557, -0.8619717173970991, 0.22559534106651524, 0.9506008034081646, 0.38739979146306225, 0.5083835756600874, 0.7343837847210979, 0.5045764309970213, -0.11871183429922261, 0.6740189942863433, 0.12060633591412873, 0.529139461890771, 0.5742692704614527, -0.15472454812960756, -0.903844969339439, -0.02509693888354758, -0.5323496022822967, -0.14828986228011165, 0.6697663700511121, -0.34602451541566626, -0.11892132503632902, -0.13138986566168964, -0.5151927361243127, 0.9783358461380574, 0.988065735817991, 0.929787202091672, 0.6969502404485024, 0.7293493349288365, -0.4251371339115224, 0.20706964385346782, 0.05549805631892224, -0.7574599633067445, -0.12690485821078923, -0.7215939073551729, -0.7812764627924762, -0.7739810640804727, -0.7389162514939294, -0.3675738987026216, 0.9564808806504033, 0.7187370142565261, 0.8996963062940047, 0.7050122928956606, -0.3696465546088774, 0.4530316231143068, 0.8037671315317145, 0.473406102109561, 0.7781739299941408, -0.8213540148023342, 0.4779400742261384, 0.9545535539066836, -0.953411129834671, -0.8959294682939192, 0.7301678120436295, 0.4391850183779584, -0.20422271145113924, -0.308631166218041, -0.7422276435161763, 0.6591149597919317, 0.8783382634622845, 0.4926550403178027, 0.02458602321830705, -0.21740308111669138, -0.6430250679100473, 0.7050318707427836, -0.5336729896211336, 0.8757131753393215, -0.8079004919040882, -0.6707554524872055, -0.8036708325963222, 0.11256327577758629, -0.9119851766278306, 0.3425532736630237, 0.7159737671140853, 0.8199980339882966, -0.24551845883914902, -0.8374442073367354, 0.4287263358612565]",1,2025-07-12 21:48:39.688485,2025-07-12 21:48:39.688491,1.0,6,Main Office,2025-08-08T12:00:22.557577
7,David Wilson,david.wilson@nsight.com,Engineering,"[-0.9220967230276838, 0.7129917201764802, 0.4930006159141196, 0.7278557864898119, 0.11996881131967507, -0.8390338528916146, -0.5367274030119373, -0.5154719597716466, 0.23100002577706125, 0.2142181857828931, -0.7916359417320638, -0.14830398135664224, 0.3098456757715813, 0.7427788813409943, -0.12302192544579227, 0.4275826476667888, -0.882275863409058, 0.8185713873474771, 0.04363382380716274, 0.45485899311723066, -0.007311250427472826, -0.744895473001121, -0.36822923576123023, 0.32480540062843977, -0.3887584094417451, -0.5562148906880786, -0.5428585548615401, 0.6856545493179091, 0.35078536323395615, -0.3127526070023392, 0.5914008904574906, 0.9599901319384831, 0.13636858767088822, -0.5884397586129637, -0.5066670003471152, -0.20873578163138684, 0.5489693374724562, 0.6531725474152681, 0.12894260577885874, 0.18009365486565554, -0.16097960209730267, 0.20879840491893664, 0.6662446213816424, 0.34730735102554444, -0.3847332551303171, -0.8835401574526294, -0.3284682465476667, -0.5153243409262667, 0.4792471583503852, -0.3606468691515796, 0.09068954032815246, -0.22142382636184665, 0.09128433987232643, 0.20263135763181883, 0.2080874722399204, 0.582247508742262, -0.16406354376390975, -0.9250363073338417, -0.6788059532665298, -0.21284572972173788, 0.9608611737820676, 0.5360892151106598, -0.038634062266301505, -0.47345639363336955, -0.40940763805437297, 0.6203146317472537, -0.8730854356274702, -0.6954048172784515, -0.024464511211246043, 0.7628427305315308, -0.9282283443312085, 0.5571064968896577, -0.6549902791068272, -0.918355819607247, 0.815490518995944, 0.9964305212584463, 0.11576934707186082, -0.7516523671688888, 0.07522943209644262, 0.9699833760237704, -0.8040895703042807, -0.08066095763011005, -0.6440876479978652, 0.16070239047656387, -0.486518181474485, -0.09818037162164917, -0.19165100350450426, -0.9615656514682576, -0.2382093808245711, 0.26042663706447255, 0.0853071097884921, -0.6644370879405226, 0.45851692883983475, -0.8246924831448712, 0.31276769649255276, -0.25369817417072094, 0.7617176699997237, 0.5512149891191991, 0.5660092766244145, -0.8570604371643087, 0.6879043557417088, -0.28381930181670967, 0.5815996796310032, 0.8200870230322805, -0.02847436222517752, 0.5881527423452413, -0.221144615450118, 0.04917316158672258, 0.5293281353543775, -0.35907408073043645, -0.46316142558392626, 0.4939672921342082, -0.8527928429333076, -0.5526753470602497, -0.6957475466264091, -0.17815679433127563, 0.47799466236033905, 0.8587249916578166, 0.1203838730521205, -0.515208628719336, 0.20448434515564795, -0.025025055645132133, -0.6549612369556124, 0.23958519179599436, -0.6546913985237188, -0.6516964235060396, -0.6999507203879343, -0.054626175251188736]",1,2025-07-12 21:48:39.704511,2025-07-12 21:48:39.704516,1.0,7,Main Office,2025-08-08T12:00:22.557577
8,Emma Brown,emma.brown@nsight.com,Marketing,"[0.3184288618152822, -0.8583973630346067, -0.05904180366500955, 0.6859703709658487, -0.6498370306378995, -0.575506200055868, -0.5642323711353221, -0.9221834990045761, 0.4406139831960849, -0.1112258463630813, -0.3190044325692385, 0.7447454133656504, 0.18986297104043048, -0.1268039125078797, 0.6169344616914405, -0.1968281879353162, -0.46364307581503206, -0.2866403530009667, 0.29765782415747655, 0.6929121849626303, -0.6488591009470568, -0.30572477073125826, 0.3588876632410949, 0.4947210433914393, -0.9494075338936951, 0.686942669608503, 0.18678159516201442, 0.2741507915293486, -0.8142804208626122, 0.4751432446241439, 0.17236341699813407, 0.47450909201124736, 0.16968786388226031, -0.1816076920254588, -0.2808122825074373, -0.7561048145161278, -0.7158372495021466, -0.6665691424154789, -0.8131713530268754, 0.7069294136623043, 0.6513845342664577, 0.46241829296536285, -0.12489419801742074, 0.8424243484550316, 0.14488732241273028, -0.1275644062972472, -0.42511901707763533, 0.47930116220051855, -0.1364980196898511, 0.717532256939684, 0.7741939343516648, -0.9222363089432895, 0.8111654875471668, -0.11828650249945638, -0.8505321312388969, 0.39399557235354443, -0.9012927881105872, 0.7002156327326103, -0.545169524040245, -0.8925112891194185, -0.7568445856679982, 0.5341431755767236, -0.27623323472882344, 0.35784359472220184, 0.01650029683065246, -0.2978262970805854, -0.6873899208666567, -0.7864130833071368, -0.770102801529073, -0.5253589202065214, 0.5765246381423557, 0.7439127354323223, 0.07016826961452849, 0.46512702182265686, -0.30536542020211477, 0.03813769584754634, 0.9499442605958035, -0.25666676632459895, -0.7451656732469396, -0.4352695273432794, -0.19141391395716334, -0.6400974467698364, -0.38115650357848696, -0.3730382083380732, 0.08375973097304246, -0.31845974886299255, 0.2554376807233829, 0.30698967952973066, 0.3781411605217917, 0.15244303593847985, -0.2321518407864227, -0.4322198264267798, 0.9593842161369406, 0.9705116451993463, -0.2092967859447119, 0.9639407313186734, -0.28967388903868496, 0.8495513554979439, -0.13500421722015488, 0.621718739652074, 0.8572052410697448, -0.7574703789190738, 0.9934364244380156, -0.5097505909684823, 0.5197655822312095, -0.6870532026871823, -0.25022294730286876, -0.1055807634065713, -0.4474513641377109, 0.43426720750183123, -0.312282656900674, -0.5269039529479176, 0.9477899195315465, -0.3353030227865188, -0.9405948060911447, -0.021191342571585503, 0.9962886453124986, 0.45314949589907605, -0.05583109409499598, 0.1398695782806625, 0.7071838131583201, -0.6194695090343076, 0.24497912887313888, -0.9333092919406409, 0.4746782963624836, 0.28511251509747204, -0.24885366685028765, -0.9667053455552508]",1,2025-07-12 21:48:39.724714,2025-07-12 21:48:39.724720,1.0,8,Main Office,2025-08-08T12:00:22.557577
9,Arnav Mehta,demo.user@example.com,Demo,"[-0.06204738716284434, 0.04627381679084566, 0.03987097036507395, -0.07262821164396074, -0.029657714844991762, 0.04822218055940337, -0.011666943319141865, -0.05349332042452362, 0.1927632855044471, -0.15007699446545708, 0.24241787360774147, -0.06037223318384753, -0.16545704669422573, -0.10754699673917559, 0.012052496119091908, 0.10487636923789978, -0.10971283084816402, -0.15491990662283367, -0.05959656275808811, -0.096741930478149, 0.02435915252297289, 0.049123157229688436, -0.010352200569791926, 0.032337663798696466, -0.20670486489931741, -0.3812156584527757, -0.04381470371865564, -0.10057202726602554, 0.0048091792398028905, -0.130876158674558, -0.021459046233859327, 0.11446920865111881, -0.22990353239907158, -0.020910872767368954, 0.019615205004811287, 0.11660729845364888, 0.0022074355899045863, -0.012551853433251381, 0.18595748974217308, 0.014689025572604604, -0.14135408484273487, -0.0060971675751109915, 0.03344292690356573, 0.2588836931520038, 0.16453271938694847, 0.00857140214389397, -0.018233747945891485, -0.06623880937695503, 0.14117371870411766, -0.22069720261626774, 0.11839271502362357, 0.078135437435574, 0.08788299022449388, 0.02781237941235304, 0.09824200222889583, -0.12368085814846887, -0.03827955967022313, 0.05487432289454672, -0.17626943190892538, 0.05211174115538597, -0.013723332331412368, -0.08093874570396212, -0.07651436908377542, -0.06070286501199007, 0.19700214763482413, 0.08040653500292036, -0.08543774775332874, -0.139562103483412, 0.16021579007307687, -0.11047443250815074, -0.0053142183977696635, 0.09591015676657359, -0.09556702938344744, -0.16055844889746773, -0.30188171399964225, 0.09498978157838185, 0.41529151797294617, 0.11339840872420205, -0.19583301411734688, 0.0664339212493764, -0.00953527770212127, -0.055287188953823514, 0.10230774018499586, 0.08614204741186565, -0.05318364024990135, 0.027591326894859474, -0.05099458247423172, 0.13446508430772358, 0.19367363221115536, 0.020611361290017765, -0.11664615240361956, 0.1674297336075041, -0.07653617507053746, 0.07326878441704644, 0.04467096759213342, 0.016922194976359606, -0.09161873782674472, 0.003970076174785693, -0.15095837828185824, -0.020225592164529696, 0.08344067922896808, 0.007851692744427256, -0.030092785962753825, 0.1459465151031812, -0.14562414503759807, 0.14303725626733568, -0.02066505400256978, -0.05874538721723689, 0.011736087345828613, 0.026047599812348683, -0.11973073581854503, -0.033001266316407256, 0.10837224456999037, -0.2891611125734117, 0.13007093303733402, 0.08563524236281712, 0.031642654082841344, 0.1759562525484297, 0.07182137668132782, 0.017917201336887147, 0.056140212756064206, -0.008584947946170965, -0.21178489757908714, -0.047551300997535385, 0.09458503209882313, 0.011277573700580332, 0.10168110413683785, 0.01203843169949121]",1,2025-07-14 06:16:53.034466,2025-07-14 15:26:10.300363,3.0,9,West Coast Office,2025-08-08T12:00:22.557577
10,Sarah Chen,sarah.chen@company.com,Marketing,"[0.08680988358193087, -0.4432612298124077, -0.15096481850173382, 0.6895522646398073, -0.9905622876180549, -0.7568617584337716, 0.34149816945355727, 0.6517055102100953, -0.726586820630094, 0.1501866588545, 0.782643908624528, -0.5815957557656208, -0.6293435608998499, -0.7832462190714897, -0.5606050147500157, 0.9572475694147393, 0.6233662981786465, -0.6561179745348116, 0.6324494974516799, -0.45185250591660164, -0.13659163267375662, 0.8800596392447493, 0.6352987575534548, -0.32777609975820265, -0.6491790925153267, -0.25433590742015366, -0.9886229852948532, -0.49514729311031913, 0.5913250169465747, -0.969490057507322, 0.19768675385698575, 0.20760907808570717, -0.7897046291758874, -0.2361131101137799, -0.9270478868148622, 0.7808231268841515, 0.9618417140246229, -0.8801160223639255, 0.7810918894570082, 0.15380299880006576, 0.4849593781959547, 0.26036787295075214, 0.16368438479755576, -0.9591217359461537, -0.5799468446542788, 0.08936975635729505, 0.5382303422113033, -0.49860954172320815, -0.4282086191862706, 0.7047901756826127, 0.9500129872131751, 0.7697065869822111, -0.28098431212619546, 0.19771789175149435, -0.29040877668540044, -0.3196195692587085, -0.6438380209883903, -0.5246115827518991, -0.9102754350784494, 0.010862859271578484, -0.24749509140527404, 0.18561080195177326, 0.25988375117499474, -0.714799371107433, 0.8676825989328381, 0.8927597616182026, 0.2045933154617312, -0.22446743934673852, -0.27362399178130037, -0.5913094462627115, -0.44646987720732967, -0.5069282375929007, -0.6527839965195898, 0.9332193889746472, 0.9140252007055962, 0.19594736865784146, 0.4626015061198452, -0.3192295543251278, -0.8158887932455228, -0.07300396212570459, 0.0173977864763879, -0.8230796539942185, 0.05607044663609484, 0.9843160730210565, -0.2099281364835408, -0.32880711656286343, 0.6109010746585595, 0.5086979891647072, -0.37386711682298057, 0.2680733659245502, 0.08080915060143279, -0.4064124982399706, -0.7784241976351085, -0.3747194042485138, -0.08604173990146835, 0.3178801404523939, -0.4914849643645638, 0.28220251740140334, -0.5997527855631937, 0.31524961105796745, 0.556578430899697, 0.5591967972214993, 0.22065630641878764, -0.38199930295119566, 0.39546981502591194, 0.7192365914581302, 0.2506475155136152, 0.9648156592190993, 0.9530002540317106, -0.6666117376022838, -0.9536437270431928, -0.6785109029858367, 0.8469936505181748, 0.9070996997590679, -0.5780431625631073, -0.27894949837078364, 0.09875052325534428, -0.4563383016460558, -0.07879675785029971, 0.39232312964677063, 0.0007117933497300388, 0.4321419811286722, 0.05191187245955797, -0.9972019537619123, -0.21059942662032904, -0.015666060197700116, -0.19423933724171571, -0.29140339978735885]",1,2025-08-04 18:57:38.462385,2025-08-04 18:57:38.462389,1.0,10,Main Office,2025-08-08T12:00:22.557577
11,Michael Rodriguez,michael.rodriguez@company.com,Engineering,"[0.03279725540489231, 0.14133517373627957, -0.9430515470438061, -0.6569566875497939, 0.3705539633946251, 0.6677937252721531, -0.3860675606555244, 0.7872261593667946, 0.4430877235366093, -0.6201220915904064, 0.10845518224957429, -0.29573609194677175, -0.6362151946798427, 0.5712035237287176, 0.9309664448239385, -0.5352926763704786, -0.8328771326733126, 0.20709684458243705, 0.4579855145752356, -0.44752234300547444, 0.37061265756035655, 0.035734948394094745, -0.9030309251471988, -0.7242615248757878, -0.6260651477241579, 0.988635802308194, 0.04133079336993384, 0.1575790709508338, 0.46963811653876375, 0.08392354445918704, 0.8263071153515371, 0.6158403019758343, -0.19400433861242528, -0.2855513143584243, 0.9057534294217464, -0.31273684421488035, 0.730199632636656, 0.660555424397594, 0.07632289849511475, 0.8449387451344472, -0.8057070404699689, -0.794305013678501, 0.4030145913916514, 0.7809597382568627, -0.6808793982035919, -0.4488549102060928, 0.3449830593136112, -0.6713937519596596, 0.4027422732181727, -0.02472955558854384, 0.36135553635271767, 0.04309638465171872, -0.9132066111318313, -0.5521267929960447, 0.15041017373602594, -0.7591326797454152, 0.0002334276015865111, -0.723980863482208, -0.8943831978214676, -0.6434461549276966, -0.11526373697451042, 0.7551746492552696, 0.8985282579703879, -0.04366516642086116, -0.0777613154271306, 0.274578062034714, -0.35078400712492597, -0.7648438139440119, -0.8977980072084508, 0.2753173056356506, 0.6245317898223288, 0.3405208406672713, 0.30353540695273873, -0.15086211287643114, 0.31319067239905185, -0.5816770022781503, 0.3198490377343348, 0.0592467975060289, 0.49704073970098483, -0.8124862882614841, 0.5690436999513093, 0.37448407515337734, 0.39015699301620255, -0.006266960806516009, 0.9507222540682758, -0.5929447587969578, -0.40195918069437675, -0.5446882144116136, -0.9036622291159724, 0.8079427149052238, -0.8397929226517344, 0.2144325435721961, 0.2616934072630266, -0.24411613620719486, -0.973517977827207, 0.6844388237018513, -0.2301245078751113, 0.1033316901527086, 0.42107628012710174, 0.350557701438059, 0.38912932954489055, -0.31508646427599896, -0.1752188726552788, -0.5204180689198497, 0.9376719523827499, -0.4228859847702362, -0.7053767746118971, -0.7413191202934843, 0.8881121009223731, -0.2971314709735535, 0.46713522633605353, 0.8277790535300831, 0.4019749884281749, -0.22293745590448077, 0.8845185777149818, 0.47298266253571697, -0.5230712240110729, 0.6475474565403856, 0.5212268903645456, -0.21058185192558887, -0.5996241654023498, 0.4251929465256301, 0.6906177939310927, -0.26270691787307276, -0.12603976198352584, -0.2868046714614072, -0.5205251863260181, 0.30675628250426223]",1,2025-08-04 18:57:38.473209,2025-08-04 18:57:38.473212,3.0,11,West Coast Office,2025-08-08T12:00:22.557577
12,Lisa Thompson,lisa.thompson@company.com,Sales,"[0.19536316987212632, 0.3519738087445681, -0.4014365179805963, 0.4614805358180687, 0.1574787821219379, 0.6180353392413818, -0.6655029917021691, -0.3757100628462, -0.28413689206287684, -0.016505401857587865, -0.019603520826090293, 0.7888197751736503, -0.6351789492643436, -0.2776758297441284, 0.621182920711131, -0.33310634078087253, 0.03790099245781975, -0.47675955224799305, -0.7381438186977898, -0.7551656246953229, 0.10331468848511083, -0.9412325865652813, 0.2055502418418329, 0.5017646672127669, -0.5018585633700454, -0.6046445167436758, 0.1479121198917588, 0.8035968391660748, 0.032432874600495154, -0.19760271688094422, 0.03497949961132085, 0.8747821464227221, 0.7008164400811652, -0.6489940836077477, 0.039638283062250146, 0.01152870391175509, -0.30287928075317816, -0.8583144731979593, 0.15196401519048108, -0.19657459699095647, 0.8228301220144356, 0.6177710234844553, -0.735886223811232, 0.42972883545313567, -0.30667417045976575, 0.2288229813130913, -0.42502073126211504, 0.9711394207448658, -0.4555736472858507, 0.638783036219158, 0.19903169364553075, 0.4409095440758988, 0.9197503211581175, -0.8142855978650319, -0.08897945121930584, 0.7650964789217063, 0.39540770025932925, -0.35750303278865037, -0.2754163922721491, 0.4672749130399583, 0.245084793744077, -0.5634360436879133, 0.9654096338128584, -0.19938794902748924, 0.4329200712537469, -0.38960926554298725, 0.29836911056709603, -0.25198982945404014, -0.26643428619121035, -0.9494905979097619, -0.3038669160028393, -0.02464098482952881, -0.22105771375361827, -0.2716599256228367, -0.014906758597000858, -0.9276797118627882, -0.549060405043009, -0.7311492276403324, 0.6003227183929902, 0.3520644747925352, -0.7302877683530118, 0.06504143486490266, 0.537909841987888, -0.3989661574889012, -0.18010171260004415, -0.23335341455341907, 0.952649757886082, 0.07611391017527502, 0.8209886713585335, -0.6376265225878215, -0.43493292617125157, -0.8368591937676042, -0.781756266556419, 0.20220032278661781, 0.4202130410090734, -0.3596227452632912, 0.4604770560219158, 0.6435646924737441, -0.14327420617059583, -0.6388497858595299, -0.8032572654160324, 0.2874154522461658, 0.3583132081593081, 0.08874573298812916, -0.2709175168489155, -0.8286099288650806, -0.6212836355067086, 0.9583373441317022, -0.9412037461730556, -0.025929991497102955, -0.8897736279829511, 0.3454132586623342, -0.5559988583073221, 0.9570950129073077, -0.2203528234815506, 0.954617978842095, 0.31479170664512357, 0.4398372944329949, 0.29783623723934904, -0.9446550064419741, 0.5241454385584143, 0.4223250307591453, -0.01935168635604101, -0.16749331063805095, 0.1409411675906742, -0.8640916857849712, 0.66149558159623, 0.9136658290186463]",1,2025-08-04 18:57:38.481709,2025-08-04 18:57:38.481712,3.0,12,West Coast Office,2025-08-08T12:00:22.557577
13,James Wilson,james.wilson@company.com,Engineering,"[-0.1357775887981949, -0.6515694736023387, -0.6581126294449959, 0.6552644952412825, 0.17434252025144992, -0.08129250871057603, 0.64536951603572, 0.643096221735987, -0.38575949700572165, -0.5982112484903295, -0.19353508427287203, 0.8957786647047379, 0.35508886098667203, 0.21795020823237388, 0.3447267361033959, -0.9840347777879177, -0.32688016765477634, -0.2854553315220836, -0.02788002507637599, 0.7565648370681681, 0.5098173806223911, 0.2609298887146767, -0.24703262808676296, 0.18032318900551392, 0.4746574876976086, 0.19229290306391822, -0.815040735143898, -0.19545808372943374, 0.17937299926341366, -0.7691742339633574, -0.2236114854535547, -0.8804771005708216, 0.16791569514436455, -0.66654920527384, -0.3038092361983, -0.15620176269683816, -0.5010522607896757, 0.5399056041880994, 0.10262043110413233, -0.9474158889823279, 0.5419516313719148, -0.8135649728093255, 0.4055924067877654, 0.15907766418671954, 0.19843561485257255, 0.7145399434557209, 0.10233929344333137, -0.8353119953441372, 0.4669915943867129, 0.06771525410201185, -0.31582187788487226, -0.05677777758547964, -0.5568558562332506, -0.6470490986325448, -0.050927943922283836, -0.2775255209320602, 0.6488795461985319, -0.7079997331773067, 0.6391383255179728, -0.6322620596313313, 0.12602650597598286, -0.7518240190207379, 0.3878375683796391, -0.9240684296174064, -0.4119333106769181, 0.793635024188029, -0.43235878207642053, -0.568278811255623, -0.9429860819628177, -0.9292770361436868, 0.74690729128459, 0.9545991109982548, -0.47097119665606724, 0.8874613281715469, -0.9197608472041825, -0.42345663085405016, 0.35948100696325014, 0.2383298620904919, 0.436699500754516, 0.13603542299703486, 0.8379208769156767, 0.012520358582061242, 0.7616600755258627, -0.06700614569322805, -0.5694530214288047, 0.7070845656342117, -0.6859917003372527, -0.9726526273216305, 0.4241716475552224, -0.02341326657207654, -0.494543706676575, 0.23953729627718645, -0.3571464378551612, -0.8321160984053664, 0.9118052780066297, -0.49335454941557244, 0.7994921040148055, 0.9077628923627408, 0.5906984155072961, -0.6573193621188318, -0.8995986127870435, 0.6657598633234125, -0.026552442580131563, -0.8085169516540605, 0.7612009990083697, 0.060030859579084606, 0.9111672497150827, -0.5418749464300028, -0.05236581369241233, -0.677873879657477, -0.5400374336429188, 0.858036994524217, 0.8414284799098066, 0.6647569243708025, 0.15924691301304317, -0.4085134777537478, 0.15776285430966275, 0.9532282564160592, -0.41975802119213146, 0.13644048530239616, 0.85761652655748, 0.9353827254192437, -0.7257364090708549, 0.48276843883555487, 0.9199367258590629, 0.5161627461038707, 0.07824289773272652, 0.5042860017741675]",1,2025-08-04 18:57:38.490020,2025-08-04 18:57:38.490024,1.0,13,Main Office,2025-08-08T12:00:22.557577
14,Emily Davis,emily.davis@company.com,Marketing,"[-0.7041587513038305, -0.543403286000067, 0.6149867241007532, -0.40305084891983367, -0.6285865157987665, 0.5442746146488637, -0.1891209543428527, 0.9918090760065206, -0.028349029293135652, 0.302840235771368, 0.20109154386527672, -0.9531538597211848, -0.34308328597930715, 0.6405373062391544, -0.11739146701544234, -0.5266327152952346, -0.16389150048752676, 0.8614577687032201, -0.6657945024748073, 0.5191901402672885, -0.7535956639906705, 0.33770774566757233, 0.40278506482120635, 0.31581247471814655, 0.5419681097199402, 0.8701018261898994, -0.1412830861450043, -0.4697352930858314, -0.574405558049705, -0.5717651803723245, 0.046045336223663025, -0.7900430231133209, -0.9530787889744989, -0.7747332087718888, -0.5854402181509604, -0.8821465230373535, 0.28233147560662486, 0.21453383260084236, 0.8626290896635247, -0.44607755098122914, 0.23021461719219993, 0.3089819447882911, -0.36197805462271226, -0.8509259759810632, 0.409798544192703, 0.7107123360685694, -0.39105769408383373, -0.5424412596511603, -0.4163801667123044, 0.5587653615623722, -0.14994888214656954, -0.8640609192964344, -0.7599970409297545, -0.26541708231554506, -0.3316292434765795, -0.8457016273818463, 0.4269354412008697, -0.7316593717830742, 0.06286456902722892, -0.25558235697813414, 0.3963323408662305, 0.6391963663030611, -0.0782544831421712, -0.2532458466052734, 0.7920357661263067, 0.044105203410527816, 0.8799269181855818, -0.9878676919663179, -0.3542195861342363, 0.9247142085783118, 0.3049540893341609, -0.8702336962838844, -0.6118083179664457, 0.13873915264073244, 0.5261288726220847, -0.1703286403750297, 0.5048676816502466, -0.45413863123030307, 0.24523356810159935, 0.4792829154201226, 0.651593973024253, -0.44788549538538525, -0.7871601542738937, -0.5373668048334075, -0.5788851078099191, -0.3998997673609064, -0.9814235343485025, 0.5840973379740106, -0.4613746176993687, 0.9489070485860451, 0.7638722787032513, -0.720626338258143, -0.5723610300681634, 0.780093953582145, -0.38563676738608077, 0.9099801170878785, -0.697513096118427, 0.36637333552285645, -0.42714738014281073, 0.42309563413826656, -0.5582903748865993, 0.7694742160696251, -0.4849116077746978, -0.7311313481658948, -0.7946226173585944, 0.1904198032818496, 0.5379966655828399, -0.390003705336311, -0.6979926863209789, -0.7109139488133542, -0.22254058251712294, -0.37582162636764793, 0.23695550113708608, -0.9784213565482178, -0.8348723750423985, 0.2912699710002362, 0.12537518224500022, 0.8205301043827309, 0.9536452575633088, 0.9318064624260063, 0.17090353207703912, -0.47496811534828143, -0.26604216283343596, -0.02125251453427035, 0.44931547329282595, 0.26658948719004605, 0.4059891313169228, 0.6634973062510496]",1,2025-08-04 18:57:38.498087,2025-08-04 18:57:38.498091,1.0,14,Main Office,2025-08-08T12:00:22.557577
15,Robert Kim,robert.kim@company.com,Sales,"[-0.8325201522072356, -0.332987415041998, 0.7187114901772942, -0.788626329361831, 0.07128008804350783, -0.8726208604994881, -0.406330842659929, -0.9955095263597662, -0.09776818118151542, 0.7672392126575192, 0.15411520044483673, -0.5022445623668093, -0.31689389168606685, -0.8596034275201032, 0.07695050400214853, 0.05096745622522736, 0.6375932736664636, 0.3726611671270268, 0.2619342440162191, -0.2592217331784532, 0.07221705030884262, -0.6536760543601834, -0.6681248433359683, -0.7790610552293682, -0.3482942392640296, 0.7948280718881651, 0.09687408434210831, -0.5172593554497193, -0.34399279838405294, 0.17785680956219752, 0.5903412091083866, -0.03765630880607129, 0.15237202123132665, 0.1802279746211768, 0.5957956037707721, 0.5562474539344981, 0.3332948541638343, 0.02245098126692291, 0.07270957447825177, -0.6535559970436233, 0.35149003188007755, 0.816315996108387, 0.07097401396528946, -0.6315582254854919, -0.8172808420806974, 0.14211686217512876, 0.6493006419539096, -0.6855588006009734, 0.31735832289397137, -0.8161277597603283, 0.8969866383174063, -0.8084492744368539, -0.1411814755661236, 0.25399952392745795, 0.5408222325048622, -0.05350499630130545, -0.44064723256319827, -0.5032039650105753, -0.8044874575615775, 0.5091124191040723, 0.0504049371558406, 0.6019828613094018, -0.38583195840897044, 0.2382908796861396, 0.9984612755116837, 0.4960448438716385, 0.07713892734711458, -0.1534026512744897, -0.9608009135822151, 0.6304478646027343, -0.8080056686326855, -0.8016540454759233, -0.534580672609563, -0.25434369129440637, -0.7902885002175926, 0.24543351399830304, -0.31668222132417, 0.9640854860999533, -0.10151653048436526, -0.12155536467189232, -0.36867834642407904, -0.07034598244960621, 0.09751136427799811, -0.05397716580538492, 0.9077120489487571, -0.04368765624226989, -0.4101456284890803, 0.23166187119796877, 0.03153769360864622, -0.37158244019908704, 0.09514945483406789, -0.07135759463283975, -0.528820260698591, 0.8705839215669622, -0.046663351709840484, 0.32217789245476314, -0.05058837132310834, -0.6437104821097122, -0.8789509857100872, 0.495565815673249, 0.19205623933318638, 0.20842621372802128, 0.2012740361715304, 0.516026540685103, -0.585003841220362, -0.7685266704663389, 0.7795029865458094, 0.8789558571553242, 0.031889882116291624, -0.7807015574640954, -0.22072163111854715, -0.3027907188745993, 0.5414732923085865, -0.4843864547843144, -0.4962793385017976, 0.8608811164308916, -0.24221829880639412, -0.6462396388428782, -0.5407153112780576, -0.43767421570090903, 0.4372750907963874, -0.18913471366630974, 0.7354284801211788, 0.23713744141687032, 0.09028304385410735, -0.443909709477744, -0.5999295529691517, -0.3572185967953203]",1,2025-08-04 18:57:38.506280,2025-08-04 18:57:38.506283,1.0,15,Main Office,2025-08-08T12:00:22.557577
16,Jennifer Lee,jennifer.lee@company.com,Engineering,"[-0.9828704045032419, 0.9086133461634698, -0.10086993129163169, 0.22043754345423205, 0.7041196349506078, 0.47762042279387185, 0.9488631786860526, 0.7149237492659115, 0.7108209905021556, 0.7190515052334903, -0.29544216782325927, -0.5759364308975972, 0.5608887550483699, 0.7988225047704418, -0.9045206952686946, -0.725105283425348, -0.6473390302722071, -0.9265049858139911, 0.020985668105501842, 0.5341592874300067, -0.03052296333647342, -0.5807724810759209, -0.16230178633541725, 0.12801784132394767, -0.2169710505179685, 0.02692536090353448, 0.39229607575425507, 0.9916338513648737, 0.21494134001365506, 0.6394934530162208, -0.5743982142945632, -0.43047649260366194, -0.11798814440331129, -0.2613110048306033, -0.8080837611255858, -0.46605145554881333, -0.5712033445507347, 0.6278741767322318, 0.8553201759745392, -0.06469449026440732, -0.9276093522231572, 0.2692443991899931, 0.6439249059509138, -0.4480944557521833, 0.04996155434511551, -0.6374582372511626, -0.2665371422962308, 0.039477797378285606, 0.19212615978198877, 0.6515875303068033, -0.9213255594542202, 0.27027574352785666, 0.7689734210078867, 0.8550995549082749, 0.06033489679524662, 0.5218768856595948, 0.8074232830511294, -0.8836760252905922, -0.10613934083679144, 0.07519471942117084, -0.5427224016343692, 0.13736791947838256, -0.5896824569982122, 0.36845987299638283, -0.5773436385754838, -0.13737166336798223, 0.09567258402817536, -0.1877823594134107, 0.12039462858280991, -0.519022034105153, -0.6431046041952595, -0.22883820660470122, -0.8320258638074653, 0.49798408830014695, -0.39703561334656046, -0.6550933953840388, 0.5666469629314086, 0.3788943592077494, -0.5270606706920906, -0.6667593965202381, -0.7425840902419318, -0.469798335843882, 0.875256779750645, 0.5966919096614223, -0.9291556339457454, 0.9330297183969285, -0.6738754322284242, 0.6072780018779005, -0.4979261417258296, -0.12995423891631086, 0.11734438911242706, 0.6475446963540687, -0.6483224238010177, 0.6557396009112246, -0.2939798668550577, 0.4418098040301961, 0.556550267639216, 0.7681818936422871, -0.15438424085337688, 0.9461429882196959, 0.7304402197661648, 0.9806048321135272, -0.17125892868205317, -0.16291107463579646, 0.4574322341526964, 0.4196293934177664, -0.22741541289258893, -0.9203123893302265, -0.27914660137644653, -0.1388832856045601, -0.4557644441695492, -0.8849662984244389, -0.5441368731089848, 0.9275812198408395, -0.48252620484542685, 0.5826602483902403, 0.4179408984690387, 0.46647840992636547, 0.5504598459670116, -0.3377686756173581, 0.9079535723872103, -0.4046051688133059, -0.7410362279059584, -0.8256283398666782, -0.8613917483632236, -0.3706086270061528, 0.7953905410519966, -0.6167889604467451]",1,2025-08-04 18:57:38.514799,2025-08-04 18:57:38.514802,1.0,16,Main Office,2025-08-08T12:00:22.557577
17,David Martinez,david.martinez@company.com,Marketing,"[-0.6745900811097303, 0.5095617553026999, 0.12680369729555463, -0.5494711712624831, -0.31747643075368104, -0.6950175461578416, -0.309617568642222, -0.9166502302389801, -0.5041192517816153, 0.19954561511399116, 0.9419428612819958, 0.40412786684984714, 0.43989786080790716, -0.6047636102299785, -0.008396905611382843, -0.5812151765862068, 0.5793557885767155, 0.6367772032642978, -0.7349886784677471, 0.8518972402773055, -0.8210562077848864, 0.09863601093537921, -0.8366320565477154, -0.07901337257180341, -0.22997164078264754, -0.02266558560758214, -0.05215824660343471, -0.48405640835433195, 0.991706926814431, -0.23100935038214487, -0.13889312866027592, 0.8329742459288592, 0.866358257707563, 0.9306966929737854, 0.050498889015754056, 0.7958935120534263, 0.06128008124261264, 0.20508365955719965, 0.4218892623695565, 0.9739459730300768, -0.3453480190381204, 0.375059893358038, 0.8715422723329489, -0.9059406564360715, 0.08986695012951551, 0.39638699575478764, -0.45616131148602057, 0.8005919760633275, -0.2792574190003845, 0.8807417949850433, 0.23697142691591955, 0.3492298101659419, -0.822305314693766, 0.43631303787950215, -0.2855273768160038, -0.7761661983303905, -0.12787309685119097, 0.5917703823786142, 0.07195946863967917, -0.5079350470700439, -0.27167846151491504, -0.22791865962534796, -0.6793575115865889, -0.28619908716110753, -0.8827253267643085, -0.05937945679618517, 0.23833648776619643, -0.6527201420189266, -0.25107984544853434, -0.8678853721741013, 0.03617144191414923, 0.6009333004632889, -0.4653130052021892, 0.9370859266849074, -0.9445564671108768, 0.37701938550901914, -0.9597186833106199, -0.3873441321956139, -0.421633663730943, 0.6197115199310119, 0.45658070614499713, 0.818367713425552, -0.6498446021974442, -0.8346219418692395, -0.28422824834620863, 0.4799794221373255, -0.2779880303013571, 0.061046514695723086, 0.9526690307393852, 0.8612916152265997, -0.4671339986634442, -0.40605382653574185, -0.7096037327410758, 0.25392046868256224, 0.5461517280274535, 0.19496028267351373, -0.3250082118921598, -0.30611338058851323, -0.09972925747536188, 0.4543744735196973, -0.9165824430142111, -0.06927306234628139, -0.9787537093136449, 0.6460745359314624, 0.6563928851910896, -0.7172275791439944, -0.16883824397721447, -0.7067738987760279, 0.12120798390520693, -0.05800496665020605, -0.24593113099481, 0.4175277360449665, 0.680084631065379, 0.7797797771048285, 0.15531521877861598, -0.3576395813287565, -0.33736644338619004, 0.80511416777916, 0.6477908938746921, -0.8522222257670342, 0.8455229595581519, 0.25613585332598476, 0.48248856620579916, 0.14048099759095378, -0.2880499262884002, 0.41951749192097654, 0.5605932433445142, 0.040382340758539303]",1,2025-08-04 18:57:38.523235,2025-08-04 18:57:38.523239,1.0,17,Main Office,2025-08-08T12:00:22.557577
18,Tristan Chang,demo2@example.com,demo,"[-0.9525607822730364, 0.5288175429676816, -0.0067262754829122695, -0.36144497784348495, 0.7420757249680603, -0.610135717451382, -0.832876174474396, -0.8994086738121734, -0.35440419637324294, -0.8626969560695155, -0.5970600889614679, 0.5867475140337195, 0.5679908743386226, 0.5200627103814104, -0.09816006418784018, -0.022154548234475824, -0.8776999493306108, -0.9172264388141482, 0.9964747400747231, 0.744084866705353, 0.8777208020379732, -0.28527422803036395, 0.4072728519835822, 0.23734939571225055, 0.978632867951714, -0.44912807240564634, 0.8517136035130715, -0.2215097350001365, 0.7728704852209158, -0.32779789145307614, -0.8150440134532677, 0.9624671149339554, -0.7306903721249169, -0.6739757194688145, 0.936023684450247, 0.9340721438891817, -0.46138305464252527, 0.09218036434413746, -0.5717564846504277, -0.0019045421460213152, -0.9775302053067463, -0.48845858585748503, -0.003609734023313216, -0.8164737460503793, 0.6630850317815424, 0.5128705991564488, -0.5485755508192474, -0.9261843760631743, -0.49003810476462983, 0.22674824752665867, 0.7858510764989257, 0.8250712026464124, 0.9134634236345667, -0.5111212211994167, -0.6640923798710554, -0.7883512982337773, -0.2755728812411151, -0.7250857131742008, -0.801623494776361, 0.46138469391631376, 0.1880859214817383, 0.3000201778490179, 0.8638226629175083, 0.4789364236564979, -0.6204009919190359, 0.38308061982337227, -0.24140079811611748, 0.14359982000929272, -0.21102171119182067, -0.2884347487331844, -0.4309530217030615, 0.8990822213090923, 0.5617936417971638, 0.8994815543694192, -0.6528135547559819, -0.900951978882041, 0.8355288214372172, -0.17444163478318564, -0.7825454651970869, -0.8406566569434388, 0.3856654837537741, 0.03340070657500638, 0.5530550101684899, -0.1601836170759099, 0.05930577242423829, -0.3656220703234596, -0.9205967296939099, 0.5365467574515876, -0.004500476430200129, -0.9281027184093951, -0.7374286477404641, -0.9810116123768877, -0.5917413411321768, 0.9875718300816534, 0.24895292222819299, 0.6059732716379211, -0.42046905402671797, 0.8704119152139069, 0.06330690127153416, -0.7860686190577122, -0.034390863360071355, -0.6165741279666412, 0.9829573470988295, -0.269616178531642, -0.4614975241332868, 0.4414577457603941, 0.7461212892480111, 0.08916542971839436, -0.876683448378079, -0.9257319847876146, 0.8953492059302672, -0.9163075101976215, -0.7915676036548103, 0.11112317011613082, -0.850966047784985, 0.6568490058556109, -0.8663644200002754, -0.3993022173455434, 0.5637657972558001, 0.18861066620742806, 0.9511025897921774, -0.9785218003758651, 0.03479046092186122, -0.8324779244401568, -0.02033908055303968, 0.46821034443357945, 0.8580425691402349, 0.9447839753369229]",1,2025-08-05 17:28:37.535659,2025-08-05 17:28:37.535663,3.0,18,West Coast Office,2025-08-08T12:00:22.557577
19,Demo,demo@demo.com,demo,"[-0.4351641461340423, 0.9046917712427687, 0.2881701796547078, -0.8379953994705429, -0.9368621120904275, -0.10811342854674066, 0.4269626686908017, -0.300933257407225, 0.564550218803922, -0.5365894213089724, 0.2516264659231495, 0.45452096694747257, 0.19571588974843346, -0.208694022944949, -0.4547848083248853, 0.030530454880736135, -0.2562265459484965, -0.3989493663977839, -0.5673329413805723, -0.8699417787708659, -0.7237484735175412, -0.2575612909949061, -0.6112197285331433, -0.6463355094891425, 0.05307620837186988, 0.3550271113195269, -0.10093016633359042, -0.34941939058097815, -0.4737965173769607, 0.41968428909890765, -0.3054534611983759, 0.662237910444794, 0.15038660799317394, 0.6828365703692789, -0.4520888925351807, -0.5253700104110883, 0.7910608703884381, 0.6627934389256442, -0.013496247694961161, 0.2381291966140815, -0.6162921734297828, -0.12046923229051343, 0.7951885876776577, 0.630998386273983, 0.24558852222844396, 0.9649969594803867, -0.6731965433177924, 0.8600756460598076, 0.2897740850875481, -0.18167633258119986, 0.9813239442326029, -0.7717481941775193, 0.8596625776656099, 0.33921074786109107, -0.9083763789773145, -0.8557489011537667, -0.10974023232046082, 0.9215492591992205, 0.39175652658694315, 0.017151958970955006, 0.021242237945553244, 0.7803813457592799, -0.8247282851792934, -0.12438391583935737, -0.08096577301546781, 0.07700435892436652, 0.32693137017014795, -0.01663609764172813, -0.28217040427679096, -0.43290669735220577, 0.1381431156440498, 0.4323331364946821, -0.5564372463806453, -0.7522446287893829, 0.04268878586359359, -0.9219517576253897, -0.6787641098170545, -0.5760323937271585, 0.16390721076989667, -0.45727574032269414, -0.6497567973643745, 0.5184092226479617, -0.3902532417399811, 0.345666691956914, -0.4293430078529856, 0.09567517625209354, -0.12143924727120337, -0.20890288159766146, -0.37340949732041295, 0.8403482728383076, 0.5360561837641382, -0.9953661390769262, 0.14575519137315296, 0.060235166306177756, 0.780607446215823, 0.531992712398498, 0.8712062700708216, 0.24917769630560427, 0.17731950732329183, 0.7919179078100078, 0.8350390945836046, -0.7567063558363145, 0.7722954438046983, 0.3463640283444558, -0.959392912212319, 0.9498769132263551, 0.9032118475754758, -0.8390798555222807, 0.9107010462739431, -0.6371798781695188, -0.2516010641407731, 0.24137479645835702, -0.05206391160915924, 0.759706362153761, -0.31260292261921774, 0.37586837830747166, 0.27013229665985183, -0.6330344663895422, -0.6735433254223779, 0.2754980597405632, 0.397438710829384, -0.8563981410549777, 0.8582862639221771, 0.9668651747404218, -0.7875707716997571, 0.39614873279270957, -0.03469770885650081, -0.45886979720649146]",1,2025-08-06 17:52:50.795636,2025-08-06 17:52:50.795642,1.0,19,Main Office,2025-08-08T12:00:22.557577
20,demodemo,demo@demo2.com,demo,"[0.8982672236649123, 0.07175145729346544, 0.178898613632837, -0.13335827356156726, -0.5513229651655893, 0.010593986945682587, -0.1846817426367049, -0.8521938245504423, -0.7964456648220246, -0.5683967832656782, -0.8025001042010511, 0.170149643303805, -0.44439276169315955, 0.9831311509212011, 0.44643456042838947, -0.7423402090223972, 0.07430252437910623, -0.47225137245212667, 0.6242815627399734, -0.6134558701602031, -0.9142058080702011, -0.9010845501258349, -0.012274792801030276, 0.8321797063020309, -0.04114918188545191, -0.0047547545746029485, 0.03565322323363973, 0.5286072674485922, 0.14990161626495202, 0.4163294119442389, -0.910799805022789, 0.9917102341740827, -0.6723021930573394, -0.731008585549664, 0.24207599569958282, 0.6895630523998046, 0.836260829695489, 0.3027603308560227, -0.49096302824088545, 0.8335995936983709, 0.8112829931870089, -0.8776614773808302, 0.42357337404973117, 0.6339519109297449, 0.4036289878048007, -0.30988373204796527, -0.8854748474021241, 0.9858869902454739, -0.21713373342898956, -0.10352521909080425, -0.554277467973765, -0.27391645245922236, -0.006159484884985966, 0.6755789501790967, -0.8087921551841943, 0.6378375045953479, 0.4817390883742463, 0.6571478213536546, 0.2773508849863551, -0.7224243670675243, 0.20547459344724417, 0.33863431848093395, 0.5222402443925434, -0.1629876907606176, 0.774484773265629, -0.19278447530880904, -0.39700884170002104, 0.5506633665998368, -0.55337420309633, -0.3030757054581874, 0.8195726311060729, -0.2508645668869809, 0.6180690865272256, 0.6137877012078465, 0.08661920715052207, 0.658830445757739, -0.6544988287306932, 0.9906020751866096, -0.5343927090142067, 0.3289030555489052, 0.13663855289415183, 0.7189176652836184, -0.1729306123845571, 0.0668993250686627, -0.9228456545324246, 0.6285793021776045, -0.6045602222123478, 0.5683022698875064, 0.8027896866802284, 0.5944129458872345, -0.7778397094139151, -0.15704403062731775, 0.90028816733651, 0.7935177775840117, 0.3116881841828665, -0.34785877473674676, 0.6139861717212061, -0.85731789885704, 0.7823688963131716, 0.49121222895823347, 0.267831861443935, -0.35453913671802106, 0.6230784818887383, -0.23426359309916656, 0.9901015167720091, -0.13971221815889678, 0.018176659755433144, -0.2741877731795206, -0.6716885940967763, -0.779298480983236, 0.5095069475442904, 0.659562106235333, 0.23312975600502095, -0.5717897656534452, -0.9463573071220197, -0.14334212556871417, -0.7988219919109778, -0.8363815768531313, 0.31782031501635677, -0.5970794496500096, 0.5890459283797569, 0.028267114019207007, 0.9757679816633633, -0.7041926902805238, -0.4229183252466988, -0.45763177226854834, -0.2089128880464346, 0.04014673223614951]",1,2025-08-06 17:58:44.955122,2025-08-06 17:58:44.955130,1.0,20,Main Office,2025-08-08T12:00:22.557577
21,Demo3,demo3@demodemo.com,demo,"[-0.06768202186509376, -0.43677122310044525, -0.35130328546991074, 0.5653603341027307, -0.24161850839546473, -0.9667441795006997, 0.24927008507898885, -0.3553844145277121, 0.5416858072953745, -0.9914355532059718, 0.28622649431473146, 0.5601086786510503, -0.4547689574524765, 0.8264020943531103, -0.6258585812147364, 0.30878052775888953, 0.5407369833468976, 0.82566638735733, -0.6707638217829794, -0.39192769857413645, -0.7283446233693163, 0.4512944146801714, -0.645588020534934, -0.3286352169931266, 0.44806566353745025, -0.3314179931748489, 0.06795483226204846, -0.03290795563681215, -0.1441576823579036, -0.33906640689500933, -0.548575466870661, -0.2090117967053673, -0.9278746241129177, -0.373578303478453, 0.1887306251992502, -0.29466440721388776, -0.4423895874435215, -0.5049873778838558, 0.03203000246338572, -0.6831029877829751, -0.16499263012367926, -0.21985104422988888, -0.7905346315730337, 0.0287639621463871, -0.4335480224406525, 0.39018879721238275, 0.4259241451226181, -0.7950653655154767, 0.175704386725678, -0.9526560806440199, -0.5207178005205932, 0.41079553683656367, -0.27809402722990884, -0.18262489285462014, -0.5899472923229312, 0.8329234245181323, 0.9459380215016024, -0.9606602200218815, -0.6828505963394174, 0.3181681322117176, 0.018658173110904563, -0.94646913122965, -0.06941986424574753, 0.9291915013952479, -0.2791857384458638, 0.11801190186561938, -0.3914051700659691, -0.14112339032821253, 0.4228501412166248, -0.9696658700383685, -0.5452209198935045, 0.2262375358645088, -0.5247705724872278, 0.4041767448091824, -0.979851324035562, -0.2531578498340754, 0.8139481269062208, 0.6015467625260122, -0.14982094167392424, -0.6197938109842229, -0.23297106393761147, 0.6872497285201467, 0.7326431732550471, -0.8519699748672998, -0.9486857742377657, 0.6530231441964693, 0.46465896484478963, 0.8518357630532549, 0.6228693639920384, -0.4520084262596977, 0.3070983205972877, -0.30427513001790985, 0.36715136769201573, 0.70563261618712, 0.647364021825231, -0.3600547360681179, -0.7473775475024373, -0.9414525752629423, 0.5895655009725678, 0.4937971408518853, -0.27845596637713377, 0.2198649682083622, 0.5929061304862702, 0.7978850771528818, -0.9636637665374723, 0.33116423347587576, -0.21628116179815637, -0.2674446657971139, -0.8684497863056087, 0.05510413683648929, 0.5836911595171166, 0.6986056577923592, -0.021131622643873138, 0.6029910655255633, 0.00030404097027081356, 0.1048037632737775, 0.86441046254441, 0.2803573769513297, 0.2666224418687151, -0.13749992981973924, -0.7271497779207017, -0.2972209265125423, -0.2663960998639727, 0.8903106721661556, 0.23684688601790715, -0.24305962632632672, 0.028822850864133498, -0.3598325965489133]",1,2025-08-06 18:14:01.059141,2025-08-06 18:14:01.059145,1.0,21,Main Office,2025-08-08T12:00:22.557577
22,demo4,demo4@demo.com,demo,"[-0.9739066210840459, 0.568071852527489, 0.7743096669808007, 0.5447103416389762, 0.9773024652594682, -0.6663323563608547, -0.16018929965713657, 0.6429935267359335, 0.3421812173747518, 0.05999824942270249, 0.3569618378079369, 0.3709747543372668, 0.5480631008515826, -0.9162180845840462, -0.5895340748964473, 0.1948340885238069, 0.588545103991539, -0.15073375347619278, 0.763862370137925, 0.5595475417182398, -0.8543618997072608, -0.2858067530462549, -0.19840175674597926, 0.3543698595440483, 0.06542003196292545, -0.7622007653825507, 0.5920485654827594, 0.974865776339418, -0.6339765549657674, 0.6996474497672189, 0.2562445227265848, -0.786236232673095, 0.6720194200906549, 0.12786362507143267, 0.11884953702558532, -0.47227818934960153, -0.6934526087747508, 0.2356263321314509, 0.5062052074798813, -0.5887847386105052, -0.8305085618741628, 0.2767251730294005, 0.2969191665530575, -0.8382357195739132, -0.3966454070205234, 0.5304455131306121, 0.5915667494050862, -0.15036313222855124, 0.022379510271756553, 0.2250141860410464, 0.7115090347127502, -0.8318479587207523, -0.8673577088558275, 0.3363213410384711, 0.20215448625320187, 0.36693088776953586, 0.14326385094977478, -0.11439941371851203, 0.42604534434729735, -0.5444060150314873, -0.2875689439745268, -0.6605752265768758, 0.03993923094877294, -0.03321290884000749, -0.4008840840847234, 0.02769017604631352, -0.3546732730708917, 0.6775341806335733, -0.5932524741410825, 0.18706853394307088, -0.738412535548759, -0.9145070773703983, -0.6655234836249166, 0.21264487849364877, -0.5225598379978182, -0.299877042171073, 0.6316014690586171, 0.40636999125623174, -0.1406107790843223, 0.47043072436979916, 0.23230838605101778, 0.9832754181864063, 0.44444997839206524, 0.6441107382451836, -0.3979074339721429, -0.019015670882987834, 0.2449091760006712, -0.81828569364722, -0.02275050068558393, -0.26419175852071697, 0.24868909777087445, 0.2045659137401401, -0.6667338963350309, -0.30775529135508894, 0.4307807131133432, -0.08215835027648355, -0.26331578801292266, -0.45901087452655287, 0.4513322407864062, 0.2079030808021436, 0.47106317574257695, 0.07375350001596459, 0.9375328403545369, 0.43371821202620087, -0.22344010805361347, 0.7953282369562726, 0.94785545235089, -0.8318851048410008, 0.8672672539765567, -0.8739670382251454, -0.8474502263758663, -0.4582237205667694, 0.025442601368526274, 0.6704344086783696, -0.7619320618467669, 0.33460807657841785, 0.47912476838939533, 0.4337069333931285, -0.9727171400836931, -0.46012831882042415, -0.46337214985363273, 0.4052622138653068, 0.22434649054108657, 0.34862533675991125, 0.0022994404249156997, 0.3860302841138492, -0.17605408831958091, -0.909217462476344]",1,2025-08-06 18:18:15.230321,2025-08-06 18:18:15.230325,1.0,22,Main Office,2025-08-08T12:00:22.557577
23,Test Employee,test@example.com,Testing,"[0.3579682625259999, 0.863625346043057, -0.6036664566496921, -0.5718975713453336, 0.22076950893186953, 0.7989566105814079, 0.580072052409419, 0.4543791038298681, -0.8149682825078466, -0.12508316360288285, -0.12716913727547907, -0.4083003865322756, 0.03327966894442236, 0.42259690521314486, 0.08177288828990004, 0.5927197979528172, -0.16424636723066333, 0.22150873009751715, 0.01697155007028628, 0.5104292708245275, -0.06887731434016686, -0.9630334643686909, 0.4347072017728608, -0.2962318564812654, 0.515046083500895, -0.8517038233289806, -0.016869144469751074, -0.6678937653583725, -0.3736857679354715, 0.150610882263569, 0.20753903915794036, -0.24026589269435816, -0.49686823371072175, -0.3547822010775059, -0.7512496223048462, 0.8194965379785011, -0.26508901535374707, -0.6345119752041268, -0.06708125873966231, 0.5882422204552007, 0.8295228723546844, 0.7203542523733109, 0.46129383936907464, 0.793267734027923, 0.05508544185146236, -0.8519638940759278, 0.05837090527851685, -0.6381807408996183, 0.027074948064888193, 0.8030768321613906, -0.2513786784913248, -0.8140981570948238, -0.4093419252710788, 0.37358937776287293, 0.6036728155304465, -0.776863769953464, -0.6839433178601884, -0.85536434754212, -0.5986896973100198, 0.37239660771447114, -0.6754258571486957, 0.9634179278213866, -0.45809436540327675, -0.1884992844671134, -0.09911291110567544, -0.6377320892304834, 0.07050305905821319, -0.08462797042185422, 0.34135364828633663, -0.7732350687011735, -0.7617163162350218, -0.6978821446159635, 0.5855714838271733, 0.8800948601041922, -0.032278000073343804, 0.40937501436504564, -0.9773082892520846, 0.3375419285214658, -0.2120949641533818, 0.17888871593442657, -0.23362555526764384, -0.3416507931926398, -0.32727683842243516, -0.026706512992768383, -0.3121848303559618, 0.25637204672938774, -0.6211879108902172, -0.824752163498194, -0.4812263275779145, 0.7825422529274735, -0.15036580381199816, -0.09172105265230912, -0.858193646877359, -0.2064949849923261, -0.7809065056514117, 0.6015305434489169, 0.45453451538158873, -0.8304973270491804, 0.7876796618043063, 0.10169445349449946, 0.3650338576669332, -0.5213398692678226, -0.12649387598586403, 0.22229417233621906, 0.9818758153238738, 0.8223377225344954, 0.6325259460287755, 0.620481389017566, -0.8099457100136902, -0.7639679056573876, -0.2537272769865839, -0.3365559637590585, -0.6931184185338068, -0.48493556207245914, 0.49455374412649045, 0.6328071782068927, -0.3939888068773516, -0.1722283958560511, -0.918037930911271, 0.3429705857535701, -0.5832412441773633, 0.24351340577580838, 0.01657241579715718, 0.5818830520652696, 0.7811744808145209, 0.032045079784711605, -0.8283220402241842, -0.8193155182462628]",1,2025-08-06 18:22:20.396976,2025-08-06 18:22:20.396981,1.0,23,Main Office,2025-08-08T12:00:22.557577
24,demo5,demo5@demo.com,demo,"[-0.6529497943279596, -0.6686326836679715, -0.8059991614796325, 0.09411331962809832, -0.4060799728384006, 0.8936115261283348, -0.8500493406934861, -0.5492048168857717, -0.27109432735269157, -0.4618326959779011, 0.03419932156057337, 0.31178478494938866, -0.06225105231103334, 0.9614900794439651, -0.8619874431309209, 0.1086908000083886, 0.23197465904554115, 0.339437264989475, -0.06336500003106282, -0.751258002316489, 0.4093761585578648, -0.25605755465849644, 0.7214560096327836, 0.5820949679599585, 0.5540670847423976, -0.6217863596817634, 0.6395576731183681, -0.3464886543427692, -0.7615105506921984, 0.22245092658056564, 0.3056130540173725, -0.40041505692732327, -0.9367364811874055, -0.5222177062702387, -0.8636121323131689, 0.5477347912923864, 0.516717629678171, -0.4575738716466953, -0.6036387688016658, -0.15936281703405797, -0.5003838959303499, -0.9263584205863002, -0.34712370848662655, -0.3403524008139447, -0.8609548074558577, -0.8597086870088186, -0.7805180229764297, 0.22115668074467076, 0.19037127123998365, -0.9507317645043403, 0.29096713373796934, -0.19809292038365456, 0.46219259794175316, -0.9164041040227782, 0.44511166388981804, 0.5393550479969818, 0.4127355939211925, -0.8374657926436031, 0.5157821794930353, -0.5512164445808041, 0.2930902976681704, 0.8562991236479705, 0.5258130531687875, 0.9541151537431554, -0.6969534432916304, -0.1703061460529105, 0.26803811303355607, -0.21598114031645954, 0.4767175730411781, 0.6598907054669156, 0.9447093895371956, -0.6706241161854349, 0.12535806990197207, -0.6527322842347894, 0.5419935156006812, 0.720144049972756, 0.9036431034519847, -0.21834461747681155, 0.36015237981220816, -0.6491431070511835, -0.37027855715235436, -0.5354319175136157, 0.4013630668778163, 0.25382151640039896, -0.8953192237443797, -0.7924994064386639, 0.9752136520768413, 0.41649920023181974, -0.43182052858478426, -0.07297592561267252, 0.014768406372110299, -0.43285646725065585, 0.5645756716765447, 0.7440014978663982, -0.3452903522843409, 0.4232298145323141, 0.363619100486414, 0.5897079036160884, -0.4531312187761263, 0.47602281864878226, 0.40993265483922503, 0.24031761428829146, -0.44907633431855687, -0.9668699124467353, 0.7409220504512184, -0.3187176648560306, -0.059355339034317556, 0.01169442536258658, 0.38122486354081575, 0.11704798251381088, 0.2648130743083166, -0.5467650597106231, 0.5268402706858117, -0.35791338846615006, -0.295840679762557, -0.9872477904145434, 0.4347733998985466, 0.28801965020950937, -0.05184798832855031, 0.2339675565625967, 0.6290231753611657, -0.1995909464405481, -0.48605285947961896, 0.5259874493965884, 0.8353188948315395, -0.8971920666689575, -0.6983439753101428, -0.20378836763047214]",1,2025-08-06 18:23:56.925636,2025-08-06 18:23:56.925641,1.0,24,Main Office,2025-08-08T12:00:22.557577
25,demo6,demo6@demo.com,demo,"[-0.8428518349749006, -0.1782017756527674, 0.40982445662854516, -0.8870594825909939, 0.5417655606550633, -0.3251564820730395, -0.8006348642643417, 0.11794538312782987, 0.3193385018998558, 0.499695333085429, 0.8471668322851909, 0.36893793043419176, 0.4930497277947947, 0.8613463248814965, 0.18356346377839738, -0.1951469554077896, -0.37583302802344276, -0.2305341688702054, -0.037441865133106766, -0.2594064887960381, -0.25870458722829115, 0.8931996062673491, -0.7613668697045664, -0.7267214047556985, -0.02770260672757896, 0.5476912164297985, 0.1619034287236254, 0.9623290758615617, 0.20064993843370704, -0.20769427658897222, 0.45252967233068864, -0.9525946439631501, 0.7925254950764733, 0.9956648542064257, -0.08306561347742725, -0.5758453825189205, 0.8990121157172521, -0.3327926767235554, -0.46906005290498776, 0.34664677382484355, -0.38923114799976566, 0.6619787670391761, -0.6221686864282203, 0.18349403515249163, 0.02186314102719944, -0.8137499539558644, 0.12279115583049038, 0.13324056833113418, -0.3007578560486004, -0.5503641428019959, 0.2546282411733054, -0.9711464647794319, -0.4793153392030223, -0.14164752046546858, 0.9747692030182922, -0.0019711259591119745, 0.483708642979092, 0.8443040708059921, 0.7097265398855965, 0.3692155634834191, 0.9864147877250866, 0.08307902219307195, -0.38274915676878685, -0.24378400167561498, 0.8624525977225264, 0.11890320577321489, 0.9368894402706609, 0.05226482642793906, 0.33007114427620454, -0.5948563272174021, -0.4733510723724834, -0.3037423075897816, 0.7116379869378009, 0.2352466594397422, -0.9058857227311659, 0.2539617450194611, 0.20280507115636803, -0.9503073124062926, 0.48562104575518394, -0.719230536899524, -0.3044162662594416, 0.20238299694291118, -0.271145356180869, 0.07453988385053245, -0.8800793840283951, 0.66405097426585, 0.6346608002136858, 0.08166874029939453, 0.5844516789554053, -0.3071289266202226, -0.31367269043740786, 0.10297934682705834, 0.4219097330668298, -0.8838255222663352, -0.3891084499190942, -0.44523526986138684, -0.8810225628032726, -0.12113917881498204, 0.9972404350215498, -0.9253842990864667, -0.3770555012545984, 0.6351903117161779, -0.5437567308420979, 0.791839035762975, -0.0669043286928952, 0.715082510479842, 0.39157117081359116, 0.7015216153715422, 0.9902265980215321, 0.711534011728082, -0.11129580687439389, -0.5122787533207196, -0.46035440164456665, -0.18466683746941803, 0.31929996833488095, -0.3468929666174363, -0.7773466094887098, -0.685489148674606, 0.20388115494060366, 0.05215567389360687, -0.34862987907815324, -0.5366971324933323, -0.15497093209843937, 0.01739362337846928, 0.5374375120668771, 0.41912831086122115, 0.5074789186417199, 0.9260086712105533]",1,2025-08-06 18:48:57.062239,2025-08-06 18:48:57.062243,1.0,25,Main Office,2025-08-08T12:00:22.557577
26,demo7,demo7@demo.com,demo,"[0.8931633121158158, -0.2403499248483565, 0.5020921961975449, -0.12197979883081533, 0.18059581652199364, 0.003710315404578779, -0.6580462052025067, 0.7589989226076801, 0.5106083558131209, -0.8240360266196725, -0.34957286742294125, -0.014394114300216865, -0.953299137869035, -0.14437093141109214, -0.017353145572351902, 0.1132031344908564, 0.29700174101332233, -0.20348002460974257, -0.5377225228259488, 0.7860187546827029, 0.4308055020595922, -0.30794460960820036, 0.4563549065400878, 0.30274229381153783, -0.3935686856888514, 0.6158207036147942, 0.5339390632352148, 0.42928270327819273, 0.9069632715599947, 0.32709534370505255, 0.3242590936639256, 0.515170944429086, -0.5552977309443907, -0.050086150016101616, 0.9187357468802155, -0.43015240070404137, 0.041893430979176305, -0.8828461705583706, -0.037542492515696635, -0.055423882392563906, -0.896312219945318, -0.15186158630407998, -0.2603955398996647, 0.4109187815289379, 0.15995294452703357, 0.7068140422121523, 0.6058143057053691, 0.1775580281685376, 0.2777503589096546, -0.281250748136189, 0.8215888021384401, 0.25328323116240603, 0.7771199559883282, -0.5955206515234932, 0.04051390850196346, 0.8217542055462173, -0.4152397046139391, 0.9044056763339796, 0.236810136285575, -0.10535373149553062, 0.7614006192355951, -0.06502407162177004, 0.5488549067357658, -0.389358751479123, 0.5992976979666007, -0.9928407194758588, -0.3349503262828657, -0.3099146407606943, -0.13283042271544354, -0.569995551940061, -0.5456405664088444, 0.26835255766433286, -0.711985079020595, -0.6714528288605508, 0.8937305196417262, -0.3112847500762068, 0.4777391828230113, -0.15416350320022842, 0.8346138264735303, -0.5320290218162782, 0.34057268943063645, 0.49038597458342514, 0.7526370734501735, 0.4572855656856667, 0.4424464114304907, 0.8720698166195009, 0.3056894406710864, -0.8912045561856579, -0.9099369766256786, 0.5847911985458731, 0.31018073453270123, -0.40713880798986724, 0.405672576741714, 0.5916356577898392, -0.19227957251523442, 0.0019289850178811907, -0.8805645413983405, -0.15383108473464224, -0.05553098272272816, 0.26083387759095533, 0.38025323869197436, 0.8154519073078308, -0.06361487890153561, -0.9358153657286552, -0.7583871594010874, 0.7542090038711138, -0.07125555118275506, 0.5143655322262735, -0.439642749660313, -0.1177656340147224, -0.5680883016311187, -0.590913902677555, 0.2094542606092824, 0.6716361714902421, -0.3772302893694297, -0.6227017026304773, 0.35687263679747105, 0.18091069283231143, -0.40344950928044176, -0.3023270743146875, 0.07038759998661992, -0.8204560164455676, -0.9064839770608011, -0.9865739925176815, 0.25260535728356226, 0.880612097452256, 0.5604959309532191, 0.9884796395749289]",1,2025-08-06 18:54:05.248074,2025-08-06 18:54:05.248079,1.0,26,Main Office,2025-08-08T12:00:22.557577
27,demo8,demo8@demo.com,demo,"[0.23367748477705907, 0.22324574954530707, 0.9126251333860482, 0.12139860681809145, -0.6711373987252212, -0.6355188008744288, 0.6776007119963261, 0.7826048950820614, 0.4906007811959945, 0.6425025040914878, 0.27114598178498883, 0.06855223333914884, -0.14569320854202905, 0.14416375077017163, -0.11632216851545052, -0.8437199028487978, -0.4703563045675172, 0.5746702417249863, 0.18782880627914733, -0.10555267982405825, 0.14105981315464744, -0.2485715515571636, 0.508426687763702, 0.9652289718391784, 0.9700439832515175, -0.015885489143218967, -0.6692351195027875, -0.3307825598966585, 0.0023684165895108134, -0.9880650645869065, 0.3704041943249017, 0.9894885915807705, -0.779094309101598, -0.3689303208334065, -0.28302513075841995, -0.47901380886368594, 0.7902922719165195, -0.14321390981506, -0.11488708820137505, 0.2542856590786753, 0.2459687192374178, -0.21820950215389767, 0.0821031966981296, -0.30937067329854573, 0.37073528392934985, 0.751124950120577, -0.2315129991517968, 0.5885750547096427, -0.4522744022327849, 0.9524360835505721, -0.2733107045260501, 0.4137056495022602, -0.1794415233512976, 0.7586608118385878, 0.5871634366066047, 0.8796366248211305, 0.984125994625787, 0.09366954081086942, -0.9862916126329044, -0.7520214391154081, -0.34022290407257016, 0.2234967131795873, -0.669356538239146, 0.9240971509809075, -0.4153864401639429, -0.27975271743770724, -0.8524966753383569, -0.20549253100326914, 0.2356761789429178, -0.7737279217142143, 0.9489130194813613, 0.873976029050012, 0.411036552397823, -0.0199241819770406, 0.24520233668292035, -0.40175083714528226, 0.7490595981270602, -0.16230601024913494, 0.08466546185553891, 0.024379024834302987, 0.12270694087884126, -0.342734512899703, 0.575867495198624, -0.3501293425092362, 0.6719443106074277, -0.386958253728819, 0.08947590749589418, -0.6718014470052018, -0.11383788255868255, 0.8977831941486802, 0.050160510493655774, 0.6632732203114855, 0.08136286645280766, 0.915141230964817, 0.12085350813172635, -0.9690223489992746, 0.4679600697567745, 0.4354442698955556, 0.19089883030430288, 0.691643324425409, 0.9226922859524356, -0.25906031118533357, 0.42097541417433004, -0.0038048382444342277, -0.2901688377268177, -0.7526104371215188, 0.5515920729436523, -0.9735741497944579, -0.4993903813996383, 0.7379092481507736, -0.2979438786276014, 0.5088347581479131, -0.6974596993570656, 0.5801534679954312, -0.6733279179774707, -0.5688505287166024, 0.07570693004463092, 0.9817819189298178, -0.011706634046055653, -0.5007212639272551, 0.017518627149389454, -0.743802523399246, -0.8623561174862744, -0.5176183994357577, 0.5655631167502455, -0.30893060573844133, 0.675627198487454, -0.04871012570664468]",1,2025-08-06 19:37:11.541593,2025-08-06 19:37:11.541597,1.0,27,Main Office,2025-08-08T12:00:22.557577
28,demo9,demo9@demo.com,demo,"[-0.181607813502078, 0.16867905625508617, 0.05027913304153553, -0.6042935268420335, -0.26369845004154246, 0.5628534101274492, 0.4612359158755479, 0.8342326467650898, 0.5912188134209091, 0.8406597699760912, 0.16934748330615101, 0.6975396277225507, -0.9900206832628351, -0.8245687936293136, 0.5652679622481909, -0.18553308278280123, -0.7200959256552211, -0.7197780868316521, 0.12363421746819658, -0.4550539355018526, -0.9904271222640764, 0.018837746790939525, 0.9111568671976868, -0.25851058959496376, 0.5140476688664117, -0.12085137914487065, 0.9429199036985054, 0.008766081246921686, 0.36114420238771006, 0.3134680837351078, -0.5852361105227819, -0.6426415065912214, -0.9711835071827175, -0.4732150309821419, 0.0341669883595741, 0.5451677439657165, -0.8084673605302994, 0.7970758293829656, 0.38770503409922297, 0.08180156738368405, -0.6067883590116274, 0.806126438379168, -0.17255749234168105, 0.5671812018227758, -0.3032191575198211, -0.048867504538739226, -0.1566663312436034, -0.9596498139382221, -0.4946472178727179, -0.5591678914282121, 0.540396600388894, 0.5326911051058985, 0.9094909002119558, 0.12253194078828522, 0.1972520743397277, -0.3849246212649189, 0.6048164410396479, 0.3832992463011693, -0.7570752527876843, 0.7396198413519253, -0.8956636810810434, 0.33547584885499737, -0.027007755060739713, 0.9871431419416676, 0.6168688790915644, 0.3968452395510329, 0.09342468050609609, -0.21411956837301593, 0.10588163173937093, 0.35288923757112944, -0.9751089616697022, -0.541200046818624, 0.18837250693501217, -0.31734363797172116, 0.8533452307641884, -0.68050664437043, 0.9863580581783, 0.07979430911539587, -0.2575746517945212, 0.9025920131266967, 0.017084797987383826, 0.6779208915997188, -0.39348213172513646, 0.2663963049719642, -0.8602443756669043, -0.2549063989507785, 0.4309605421651592, -0.919700743153167, 0.4882342660184331, -0.16225371058799665, 0.7107096407023796, 0.25637903469077683, 0.08704680641177509, 0.9011813934642106, 0.5778955282002864, -0.0844939015966033, 0.12139895252044175, -0.5774740082337064, -0.3346479498350914, -0.8208794820568099, 0.3410335706557781, -0.6143657646769749, 0.8913189523041327, 0.5292861520081003, 0.4415885090628022, 0.1222327265048202, 0.04571880983187904, -0.4690567989375354, 0.4865836442474232, 0.35322505335525656, -0.1124743949381648, 0.04968319382382802, 0.5043452390078931, -0.6732766362653919, 0.5358233805968373, 0.44494323751803666, -0.8616618078682083, 0.6706371742084873, 0.7915519847378909, 0.7351832508805685, -0.1380013466597534, -0.7600495100607079, 0.6134458549246584, -0.6191862490480202, -0.21414815075853877, -0.021624887578013396, 0.6144778479545416, -0.611562728753289]",1,2025-08-07 17:52:41.636461,2025-08-07 17:52:41.636465,1.0,28,Main Office,2025-08-08T12:00:22.557577
29,demo10,demo10@demo.com,demo,"[-0.5132073617048549, 0.12729659582720498, -0.2643302817698958, 0.33754736562340937, 0.7072191957509215, 0.7104375253578556, -0.4860078129571057, -0.296141362352625, -0.9257789450301865, -0.6144362115958752, 0.2451747513281679, -0.8902520605432862, 0.4495205526778594, -0.7167227464090811, -0.28486545715235634, -0.663625199033113, -0.9586484361143797, 0.3959852191875881, -0.6744396883785031, -0.24706503382939515, 0.4512088008213635, 0.8756709246741226, 0.1207286082532959, 0.31601099870295535, 0.8753614522984676, 0.8084090064571117, 0.24931698052872275, 0.12745334350861515, -0.9234166416826792, -0.8394025319577043, 0.48678266629684663, -0.8077044540903457, 0.8101731337114135, -0.07110538804171207, 0.5737479131921837, 0.3376757636854375, 0.013703615643734901, -0.6345493160454301, 0.011060306579000256, -0.5039210627038702, -0.3830431985313325, -0.5042870873482674, 0.14364456950182802, -0.9418687588028354, -0.07595999535516751, 0.49718029776585504, -0.1578591302278034, -0.8493547537599655, -0.3576083612425447, 0.7285457337788226, 0.5053372738128079, -0.66817079207908, -0.29424985542258053, 0.9241921450243962, -0.8254533735523251, 0.2438638404881266, -0.8944067162716192, -0.042492129107899235, 0.22105731673270723, -0.3803952921708602, -0.8372736796431219, -0.9938840455202445, -0.06675018999208837, 0.7898064689453654, 0.721506118046604, -0.9408722022312819, -0.5336983206798962, 0.22429765311163785, -0.1536178938116166, -0.5757201494748323, 0.6799659910115607, -0.2676763054335105, 0.775625630764148, 0.587253793126667, -0.3512892686078748, 0.558259699885783, -0.6273627640017656, 0.3691396276353387, -0.10862694290331598, 0.5763293020199911, 0.12729282136852538, -0.5091912536212617, -0.6431704688069848, -0.6988558104151785, 0.192024226442854, -0.8957061556434156, 0.9950141012053222, 0.19995010251259138, -0.9680192027320764, 0.7287696201879299, -0.2836649886801128, -0.6456412756318819, -0.3950525898288546, 0.28425047827247063, 0.8474857407532974, -0.0072811998168405, -0.6115634334329565, 0.7428719324873534, 0.6726928914039112, -0.21195680881508316, 0.5164487085107106, 0.3360021385937486, -0.5040289663758937, -0.05433156669065853, 0.9303078603141763, 0.8253482729628758, 0.8839660863023913, 0.7115264384498772, 0.9710789977489906, 0.09298700738371268, 0.403086752491298, -0.27002324935103017, 0.8380760707750303, 0.6126031104990208, -0.33243038745039866, -0.5673791148679874, 0.671588717387154, -0.6170078670998898, 0.15828532025690567, -0.22644914780903025, -0.9784708226472829, -0.03311166547685951, 0.8082760303157952, 0.8097286624835383, -0.9786462203326889, -0.04356515857736376, -0.3287687738945948, -0.3104847504931061]",1,2025-08-07 18:02:28.027965,2025-08-07 18:02:28.027969,1.0,29,Main Office,2025-08-08T12:00:22.557577
30,demo11,demo11@demo.com,demo,"[0.3926419190039139, -0.26224102693545315, 0.2796080878676521, -0.06667178456772249, -0.887031350970243, -0.38108928449054114, -0.6126895946024391, -0.38214585258966816, 0.7066929169150866, 0.27094946538685294, 0.4884641990307441, 0.6923742887648368, -0.5829885142693711, -0.8113076332616809, -0.0330663169977945, 0.8849614851730618, 0.6457589835967861, 0.24552988442906098, -0.0014256894411193155, -0.12223334290261034, 0.47534083468737465, 0.1490950684261525, -0.5260657523616046, 0.7328398477948239, -0.35672751127433266, 0.23644635329239816, 0.2317766340349603, -0.9234280590768966, -0.648926629390634, 0.8720355604709056, -0.04989472057624522, 0.1619931689902867, 0.8182041182006186, 0.8269166667742232, 0.1478685187040394, 0.16028530429146315, 0.5267934817155533, -0.5461487654404202, -0.9940785574233251, 0.6459097939904712, 0.6856298588737817, 0.5978408393575745, -0.4971768307895281, 0.9057194000150137, 0.20824242347125743, -0.9651253159929054, -0.11577814839094436, -0.39034641854382013, -0.7833503765518077, 0.4623311990583503, 0.3225008375986367, 0.9416200809221071, 0.5908571481692548, -0.3601029639153437, 0.5153568288379857, -0.05295948585491117, -0.482045285430148, 0.6126312418288129, -0.9980287977096345, -0.6740009341734889, 0.5518371570490248, -0.22081640951512216, 0.7380215998828907, -0.3632724250692687, 0.13306033869271316, 0.8916797166907753, -0.45795006769255875, -0.41087718775756654, -0.9642653150665139, -0.2503694826315239, -0.16710064536811942, -0.5766665043404937, -0.5471720400555209, 0.3252834088675203, -0.0804668152626038, 0.5664691020155912, 0.12260903168698922, 0.8511784223142327, -0.41625367255835166, -0.541025689472058, 0.2762619236595991, -0.31023532640762275, -0.7005311939218042, -0.06624998802640736, 0.41836181412681195, 0.2882646080377764, 0.8033296366847604, -0.8976099145234777, -0.46984590164096285, 0.5012620351131312, 0.6352602237162355, 0.7033955896039203, -0.34670832182175415, -0.6315449068766839, -0.7023950480484065, 0.7523478425756838, 0.9989827325846925, -0.8103070776190044, -0.013062595121220433, -0.8842353875005573, 0.6533542162517936, -0.6353481076567402, 0.6107684879941344, 0.024391213916436172, 0.4499135257791087, -0.2585571196412315, 0.7891955159126502, -0.3115039380257454, -0.6575351734562087, 0.47725802534870354, -0.35617904729705474, 0.3790205867262464, 0.9637540269550113, 0.015087294958243014, 0.1754483390526289, -0.46863088037922984, -0.5247138775072488, -0.8926877172892604, 0.7105599935952092, -0.019618464157636684, 0.013007356599139985, 0.8434042651425837, -0.744217042507956, 0.42244919304514084, -0.15650964771987685, -0.3608922071981562, -0.21890823684707605, -0.8871919792606413]",1,2025-08-08 17:53:11.428362,2025-08-08 17:53:11.428366,1.0,30,Main Office,2025-08-08T12:00:22.557577
31,demo12,demo12@demo.com,demo,"[-0.4359829345127202, 0.18458009063170233, -0.5191567310025289, 0.39313286472139897, -0.427775168131991, 0.09863128708506519, -0.7451760739458531, 0.7527782969565631, -0.4664012019557078, -0.8951931740232344, 0.5089036692175479, 0.9815126947555266, 0.9359432894778479, 0.9553541455001127, 0.14758577127647965, 0.9616959910659699, -0.773875806891579, 0.5666825464402179, -0.8551794443635465, 0.21814826852719915, 0.6517154752973584, 0.07689850751688287, -0.49319999399920733, 0.8227125040103305, -0.4825217182241166, 0.45694788145278675, 0.46695267296761833, -0.2700845924541797, 0.774564520976861, -0.533290231787974, -0.37231354946603124, 0.518515996180277, -0.5651771097743963, -0.6084804085613542, -0.49053057531201927, 0.7440283901883258, -0.04087654116880857, -0.8625908065415291, -0.10113942057781311, -0.927300419500342, 0.4961803638195479, -0.35060585262569677, 0.5572579528201378, 0.19871426613596044, -0.6117131024770239, -0.7241279357270005, -0.9310143800636652, -0.6883716003944687, -0.15563102588480904, 0.4055910559350804, 0.7290507757604494, -0.5490028216910967, 0.09029683148785694, -0.686685261608829, -0.350007577870739, 0.8201393726579442, -0.7419765848824174, 0.013327356035625515, -0.3553699821239953, 0.9315722031136189, -0.8153401912517986, 0.5230845133402422, -0.8237005668630972, -0.5902429578800723, -0.5104353729209863, 0.9412026636856425, 0.8252228672846436, -0.9536359145818918, 0.2531109576463946, -0.40994195489473917, 0.04410987672214084, 0.26980522188402234, 0.7301768986420578, 0.3415394163033849, 0.3098554309655195, -0.6826693346435662, -0.974248613853387, 0.4939269103690844, -0.0284879186705973, 0.1283865691503867, -0.9760970642396594, -0.6909456300147068, -0.3139697186971888, 0.2636918879656043, -0.6768541615992067, 0.20318610307996754, -0.005859147942316456, -0.7329105346101983, -0.3981744204503186, -0.03340017418964969, 0.5312421733387596, 0.12996458662710997, 0.5130115918024423, 0.09477490443289582, 0.1633041912659039, 0.5219783939326021, -0.35494856478651293, 0.8712912889809421, -0.19050252947160007, -0.2489880301034264, 0.29506274832385615, -0.07268464620448678, -0.08877966503054102, 0.9428247085710288, 0.9930475606926077, 0.6746061090616917, 0.882731496129376, 0.5410481857000049, -0.71838328032546, 0.36692781738081526, -0.3566936307656361, -0.07547287867917829, -0.35770989983372825, 0.8755765897859868, -0.371595284842531, -0.7835330027727756, 0.3882180920464373, -0.08576890732561226, -0.8606262554205855, 0.8630535458698418, 0.38488928760461527, 0.27609732328966774, 0.34195663615689753, -0.2290042873863929, 0.13786376108635445, 0.7030609108934769, 0.5596858735762753, -0.8050667739613033]",1,2025-08-08 18:02:03.670371,2025-08-08 18:02:03.670375,1.0,31,Main Office,2025-08-08T12:00:22.557577
32,demo13,demo13@demo.com,demo,"[-0.784991247473561, 0.1115384617962214, -0.6272061381497245, -0.22312045298637906, -0.8106443904669209, 0.909351280140047, -0.4379297325283269, 0.08144813025895248, -0.3412547302806308, -0.1627717288306576, 0.6071981283855055, 0.10291694465039392, -0.11910799651844495, 0.9842563472777317, 0.7311803357792266, 0.3018465237601493, -0.331349780330743, -0.19663581963537724, 0.07941149701574068, 0.0807060405820661, 0.5682991432952467, -0.2946340679374695, -0.44192508149323273, -0.6251394686693807, 0.9755050575128814, 0.2618307727559419, 0.9742124073229361, 0.5883422623096226, 0.6381096557102475, -0.8973834882136116, -0.7697254103534039, 0.18930477000709933, 0.21256861706746744, -0.24298588967344603, -0.3679428629918875, -0.12593058457978756, 0.0268780619299529, 0.08846541326121216, -0.7371274899443654, 0.44174750910631566, 0.8744292745381501, -0.4019086000085381, -0.11045416509817074, -0.7088907347423596, -0.5178145688828628, 0.8038253327209768, -0.7275993031379899, 0.6617987344623624, -0.8657561880070002, -0.03893416706480157, 0.45182475160644664, -0.39246833942286696, -0.5376500951699563, -0.9831216355020125, -0.9890182894675754, 0.8764513245573431, 0.9715713418205476, 0.7173084088607233, 0.028934726049766546, -0.5664657188895699, 0.5476904160184615, -0.5490467030926398, -0.975049850395818, -0.02121614647446246, -0.3126414918198157, 0.7021376206014609, -0.7745267966145231, 0.6318479792442062, 0.00578770912467319, 0.37914411032172013, 0.14268986644593817, 0.10238654712652151, 0.9016916063207809, 0.8239878869666406, 0.31428034156811036, -0.5293881740985678, 0.435640141554297, -0.11282005709677034, 0.8116046461800082, -0.255626429748393, -0.541747283143805, -0.3981673984228076, -0.8076152377784942, 0.7210951162945622, 0.8746221188566115, 0.18896433545720703, -0.7251638687148323, -0.5363676229653833, 0.6958131754653034, -0.8918630111425585, 0.7886469647921213, -0.24928395569955342, 0.704455704081874, 0.46923900975932553, 0.3767783847667623, 0.7371058926806369, 0.49120891310733006, -0.5874692288842878, 0.5923794683754335, 0.6159577305289223, -0.07046274906202199, 0.38887936815990476, 0.5843772283088648, 0.06308261793670189, 0.5125873431102714, -0.8390410368136283, 0.0753806715174683, -0.4308181412397958, -0.7628688297769697, -0.5995014629181765, -0.8032180795266941, 0.900694374483173, 0.10372530409641523, -0.6260460806616843, -0.19866376385132223, 0.16969080062705078, -0.4930338366188791, -0.9972759317801496, 0.7120301563444549, 0.14128627698106766, 0.23517863902403313, -0.015379297116268287, 0.9637021380538573, -0.02859573423842665, 0.2307179992038415, 0.8381401285873993, -0.31746169924317424, 0.4552023605057669]",1,2025-08-08 18:04:53.529457,2025-08-08 18:04:53.529461,1.0,32,Main Office,2025-08-08T12:00:22.557577
33,demo15,demo15@demo.com,demo,"[0.21690153971256243, 0.7498503703362225, -0.5548748539465642, -0.884981994124477, 0.09354475358091285, 0.7806353036405538, -0.5771848765778664, 0.46161228714321667, -0.20182103557962838, -0.4432677918369976, -0.43578170960212925, 0.6205844872249944, -0.2736663537369466, 0.3811082558159615, -0.3315815423705464, -0.37521592386237823, -0.6209351114533403, -0.5026021878600262, 0.4262251046141796, -0.23973491020260096, 0.8573753061231733, -0.20005505377841737, 0.24037409170077306, -0.5972459429934136, -0.2605392159710169, 0.2178845688993687, 0.04223914741020418, 0.38403806299543786, 0.6985379372580549, 0.4094654234806061, -0.23541804009940903, -0.8937454126815647, 0.054538767796019405, -0.19438434310204977, -0.6885487321206534, 0.12827682143620867, -0.7922445653588861, -0.05381220922797292, -0.9919378844533382, -0.2673903153240804, 0.818043512287473, -0.06156011940883355, 0.5350418610449947, -0.4792546506255475, 0.09130518590650882, 0.5325219989861274, 0.07186644729047509, 0.3020282909126195, 0.342391508495961, 0.9436812887441759, 0.8050745921451317, -0.7480274385661168, 0.45506786124146736, -0.00015841760658252824, 0.04446548053943844, -0.5844838488091921, 0.9518232274506144, -0.14953066608786325, 0.7531219135668041, -0.1301964461312668, 0.5736897931013274, 0.05517051874333889, -0.9385810167838149, -0.14171827050903452, 0.4260469830365774, 0.2825562150648775, -0.006514508818569187, -0.7455291191948643, 0.6809256637568033, 0.954397249315138, 0.6151604607213308, 0.22559852469537067, 0.12374789271944397, 0.888430324734337, 0.19513071324778375, 0.6054735426900808, 0.42145881215600856, 0.7015561640396792, 0.09083995257880151, 0.26014474827618694, 0.2613729877112212, 0.4720386938508059, 0.8886885096231132, -0.1642285337370355, -0.5144316869537278, -0.30499903662094274, 0.3518489954171089, 0.011168592563451929, 0.17803251698170897, 0.1805904246203356, 0.011549272458567073, 0.26291128465590163, -0.2744583370818017, 0.40891739182380005, 0.44166173019156396, -0.11941241001352254, 0.4321928847234653, -0.102408141548612, -0.14847994629762118, -0.2812615560125524, -0.7475216847453396, 0.3862452031080845, 0.3314290908176607, -0.6837938388730966, 0.057157552116772425, 0.5541503561126901, -0.48582300380464494, 0.2514762499683645, 0.9125720257305447, 0.9761432676394433, -0.14951218638724195, -0.5728183443025558, -0.8785309757738446, 0.2826102015785339, 0.0853978073082391, 0.23632934369255465, 0.6483599746947148, -0.8005676860342641, -0.37240625759330137, 0.32499661505981003, -0.39665596679712123, 0.9690955485476433, 0.18631615951313174, -0.5542497756082627, -0.8405699823731547, 0.057630596677164636, -0.5547383859607606, 0.4269080814575148]",1,2025-08-08 18:22:15.454664,2025-08-08 18:22:15.454668,1.0,33,Main Office,2025-08-08T12:00:22.557577
34,demo14,demo14@demo.com,demo,"[0.7639140781457969, 0.469958251633805, 0.3883549100417578, 0.23242092963493288, -0.5493496544230272, 0.5804932756006755, 0.6235878584867083, -0.1304432992872171, -0.6575992459566069, -0.8389657342839207, 0.7006572477519848, 0.6994290458590855, 0.5499543109987408, 0.17406306111555425, 0.1263456273156729, 0.5635994496268844, 0.5132094495055477, -0.564230187456547, -0.35181085468263684, 0.44476256787380675, -0.01715515982538207, 0.34882051838660355, 0.5898595480201609, -0.7996641467795733, 0.0832090145375537, 0.24766894855773436, -0.26555823472692075, 0.612647187272048, 0.8394608104489443, 0.5214016918689994, -0.6553915455305932, -0.3783985756210211, -0.6670864826453322, -0.5898356881257516, -0.7281756992431812, 0.6530380730931604, -0.6942267356969567, -0.7293926228699037, -0.6160407061551016, 0.7156556258078843, 0.25719729651345125, -0.5126348445567197, 0.2657321809177293, 0.9949324538135171, -0.7999138930747303, -0.9498223582064744, -0.3950758784224979, -0.3305897571135341, -0.9601060837776119, -0.2903955127528419, -0.8346496996541042, 0.982959273593883, -0.7621235590006468, 0.33563199716867875, -0.281586624136853, -0.364146580487527, 0.3901119944498148, -0.06155410612211165, -0.1214476073007551, -0.7742553356339723, -0.020075723272646062, -0.3777176537771394, 0.9870952461455216, 0.34783968189085246, -0.2617991084894917, -0.6848993585629197, -0.19163916613275833, 0.32042019653829534, 0.8990554969319697, -0.43133755143272756, -0.27064418225693987, -0.2904779876897754, -0.7077068156287707, -0.48900165225884495, -0.6355937997604928, 0.9000244672124817, -0.35352689194708997, 0.06506870797266151, -0.4810753839469908, -0.034116902679712346, 0.7411214674079536, 0.7486395871178402, -0.002384358515032048, 0.10795591347814981, -0.13163043682553788, 0.3164809956086334, 0.7312123712802368, 0.821245331697285, -0.22780720853552094, 0.410040678340305, -0.15917780960350814, 0.863562614050575, -0.1135795692854078, 0.5356153045899434, -0.5624500168171942, 0.9992835459410765, 0.6106205631475483, 0.15153941935932513, 0.586353625658312, -0.782573641672734, 0.00393053496984197, -0.3972421046160075, 0.21423834249177087, -0.07588622166622794, 0.5195696564935031, 0.33899853890829434, 0.1677441306584848, -0.8044886956622257, 0.21556864395362463, 0.9402081838420893, -0.07143783025544659, 0.5620163532668356, -0.6960808932233831, 0.5132379876073696, 0.2774826278494875, -0.28887615658952503, 0.28382239240336404, -0.26687114714796256, -0.5679582654995221, -0.4503084736818592, -0.8943961351378911, -0.16514560007851808, -0.9307994293127078, -0.6898063712384983, -0.8182138765331961, -0.7866528607822345, -0.5405244469867632, -0.8965376334429822]",1,2025-08-08 18:55:09.448905,2025-08-08 18:55:09.448909,1.0,34,Main Office,2025-08-08T12:00:22.557577
35,demo16,demo16@demo.com,demo,"[-0.40368152974640115, -0.26458905775498875, -0.2007565546072987, -0.9121938814596167, 0.03421350405067369, 0.48889802160546525, 0.500596620610952, 0.23813807347128835, 0.6777393892368784, 0.33973844735625813, 0.05677304785745818, -0.5636911588112845, -0.3061924077737874, -0.07201303483369492, 0.09921510677429124, -0.479204155996273, 0.6118307180093321, 0.3578211351439835, -0.6495588162841393, -0.044145975799400716, 0.6764418613896972, -0.28784654711908875, -0.005896296918248112, -0.16570436383191645, 0.8561442520320395, 0.24608463972374017, -0.4370841156660299, -0.7342706806077932, -0.7795321339094199, -0.768995812057486, -0.7220399736355803, 0.8961144547630069, -0.3548376426535014, 0.008334286158563575, 0.0024947580174863315, -0.061930054099082144, -0.3517936064766627, 0.12638347310180276, -0.22213442488328883, 0.758767534019138, 0.045193634036966523, -0.3590626719636454, 0.9777760105260571, 0.8347340612690244, -0.3656346174775347, -0.6202842552611108, -0.27299333341258425, -0.9132660779676638, 0.6480220693927565, 0.2471136608942519, 0.1929723641835066, 0.6775182252446121, -0.22930835904662872, -0.36064233701169246, 0.28617379563187995, 0.914232958338492, -0.7416270976632844, -0.038033824200414124, 0.6223060832137883, -0.6623265679831358, 0.8973217200352472, -0.8993944978250945, 0.14898437756389016, 0.990715051077721, 0.9764011641410713, 0.06114119100886439, 0.625732887540811, -0.0461225403439105, 0.29754336500202583, -0.9835433652105445, 0.20684921010897983, 0.008760682999126912, 0.6535161572012442, -0.9243999857487275, -0.7064128581627735, 0.3346702040722691, 0.6236797050474614, -0.5180246340865982, -0.4979383302066811, 0.6410350514427015, 0.30728551639600954, -0.9376854848763152, -0.028963207240782163, 0.36692145366967854, 0.10715416525042998, -0.4052076372277684, 0.26698822014317947, -0.8729590115142902, 0.6590214752552708, 0.5659181903476007, 0.6234724059968748, -0.9775966172238195, -0.38863813551131576, -0.629182899324787, 0.9890889514111543, 0.6233161096559718, 0.5766661659145602, -0.12234968270209112, 0.251489410007115, 0.14037829462542772, 0.6102103077406231, 0.08008578562847823, 0.9007440213560824, -0.3333668256543152, 0.20366446457479181, 0.522244706772206, -0.3994674515469365, 0.045674485460268865, 0.7388576999309222, 0.8595050447920449, 0.7307592650544061, 0.3598591904075117, 0.7587886168376594, 0.2742478794630885, -0.4988209257924736, -0.6071486140206803, -0.0015774231358614, 0.7620818972042447, -0.19299949134827465, -0.4408578382938897, -0.029014461086824594, -0.5860400151784855, -0.7387525538464899, 0.3452652785153554, 0.40532008522862695, 0.5420979417477121, -0.2602497006589308, -0.4021732588860747]",1,2025-08-08 18:56:28.803488,2025-08-08 18:56:28.803492,1.0,35,Main Office,2025-08-08T12:00:22.557577
