id,name,email,department,face_encoding,is_active,created_at,updated_at
1,John Doe,john.doe@nsight.com,Engineering,"[0.1, 0.1, 0.1, 0.1, 0.1, 0.1, 0.1, 0.1, 0.1, 0.1, 0.1, 0.1, 0.1, 0.1, 0.1, 0.1, 0.1, 0.1, 0.1, 0.1, 0.1, 0.1, 0.1, 0.1, 0.1, 0.1, 0.1, 0.1, 0.1, 0.1, 0.1, 0.1, 0.1, 0.1, 0.1, 0.1, 0.1, 0.1, 0.1, 0.1, 0.1, 0.1, 0.1, 0.1, 0.1, 0.1, 0.1, 0.1, 0.1, 0.1, 0.1, 0.1, 0.1, 0.1, 0.1, 0.1, 0.1, 0.1, 0.1, 0.1, 0.1, 0.1, 0.1, 0.1, 0.1, 0.1, 0.1, 0.1, 0.1, 0.1, 0.1, 0.1, 0.1, 0.1, 0.1, 0.1, 0.1, 0.1, 0.1, 0.1, 0.1, 0.1, 0.1, 0.1, 0.1, 0.1, 0.1, 0.1, 0.1, 0.1, 0.1, 0.1, 0.1, 0.1, 0.1, 0.1, 0.1, 0.1, 0.1, 0.1, 0.1, 0.1, 0.1, 0.1, 0.1, 0.1, 0.1, 0.1, 0.1, 0.1, 0.1, 0.1, 0.1, 0.1, 0.1, 0.1, 0.1, 0.1, 0.1, 0.1, 0.1, 0.1, 0.1, 0.1, 0.1, 0.1, 0.1, 0.1]",1,2025-07-12 21:46:42.567320,2025-07-12 21:46:42.567326
2,Jane Smith,jane.smith@nsight.com,Data Science,"[0.2, 0.2, 0.2, 0.2, 0.2, 0.2, 0.2, 0.2, 0.2, 0.2, 0.2, 0.2, 0.2, 0.2, 0.2, 0.2, 0.2, 0.2, 0.2, 0.2, 0.2, 0.2, 0.2, 0.2, 0.2, 0.2, 0.2, 0.2, 0.2, 0.2, 0.2, 0.2, 0.2, 0.2, 0.2, 0.2, 0.2, 0.2, 0.2, 0.2, 0.2, 0.2, 0.2, 0.2, 0.2, 0.2, 0.2, 0.2, 0.2, 0.2, 0.2, 0.2, 0.2, 0.2, 0.2, 0.2, 0.2, 0.2, 0.2, 0.2, 0.2, 0.2, 0.2, 0.2, 0.2, 0.2, 0.2, 0.2, 0.2, 0.2, 0.2, 0.2, 0.2, 0.2, 0.2, 0.2, 0.2, 0.2, 0.2, 0.2, 0.2, 0.2, 0.2, 0.2, 0.2, 0.2, 0.2, 0.2, 0.2, 0.2, 0.2, 0.2, 0.2, 0.2, 0.2, 0.2, 0.2, 0.2, 0.2, 0.2, 0.2, 0.2, 0.2, 0.2, 0.2, 0.2, 0.2, 0.2, 0.2, 0.2, 0.2, 0.2, 0.2, 0.2, 0.2, 0.2, 0.2, 0.2, 0.2, 0.2, 0.2, 0.2, 0.2, 0.2, 0.2, 0.2, 0.2, 0.2]",1,2025-07-12 21:46:42.582540,2025-07-12 21:46:42.582548
3,Mike Johnson,mike.johnson@nsight.com,Product Management,"[0.3, 0.3, 0.3, 0.3, 0.3, 0.3, 0.3, 0.3, 0.3, 0.3, 0.3, 0.3, 0.3, 0.3, 0.3, 0.3, 0.3, 0.3, 0.3, 0.3, 0.3, 0.3, 0.3, 0.3, 0.3, 0.3, 0.3, 0.3, 0.3, 0.3, 0.3, 0.3, 0.3, 0.3, 0.3, 0.3, 0.3, 0.3, 0.3, 0.3, 0.3, 0.3, 0.3, 0.3, 0.3, 0.3, 0.3, 0.3, 0.3, 0.3, 0.3, 0.3, 0.3, 0.3, 0.3, 0.3, 0.3, 0.3, 0.3, 0.3, 0.3, 0.3, 0.3, 0.3, 0.3, 0.3, 0.3, 0.3, 0.3, 0.3, 0.3, 0.3, 0.3, 0.3, 0.3, 0.3, 0.3, 0.3, 0.3, 0.3, 0.3, 0.3, 0.3, 0.3, 0.3, 0.3, 0.3, 0.3, 0.3, 0.3, 0.3, 0.3, 0.3, 0.3, 0.3, 0.3, 0.3, 0.3, 0.3, 0.3, 0.3, 0.3, 0.3, 0.3, 0.3, 0.3, 0.3, 0.3, 0.3, 0.3, 0.3, 0.3, 0.3, 0.3, 0.3, 0.3, 0.3, 0.3, 0.3, 0.3, 0.3, 0.3, 0.3, 0.3, 0.3, 0.3, 0.3, 0.3]",1,2025-07-12 21:46:42.592644,2025-07-12 21:46:42.592653
4,Alice Johnson,alice.johnson@nsight.com,Engineering,"[-0.3875356409023891, -0.46987286878498846, -0.6078798736976971, -0.1389570468659047, -0.9537728960158895, -0.6084361698320273, -0.2943894230625488, -0.5535159613085228, 0.22704371139309165, 0.16091422317770832, 0.7071353570891019, -0.9177389269236287, -0.023651125017809305, 0.8416523125864159, -0.7817962333622865, -0.1778867553912875, -0.05974635505088988, -0.7454069026095826, 0.9647100005819487, -0.9593680675892531, 0.41097209602393026, 0.9310182846896795, -0.2945092167328325, 0.21178951585760042, -0.5652393278970429, 0.9839390925752733, 0.3383591268773791, 0.38607948370394873, -0.6490581463672329, 0.6608976105749274, -0.5076244671413175, 0.20839138656717981, 0.6370241130720138, -0.16450709659092055, -0.8770619107073914, 0.8145081057581716, 0.467730823521302, -0.23926804574411875, -0.2116168580149893, 0.7572067541582423, -0.7763410643274757, -0.13142644227558953, 0.1371233736679529, -0.9607582734347526, -0.26970661956184916, -0.060922184129449164, -0.5094669456707253, 0.09929954034733846, -0.12772961708306108, 0.8635021182999094, -0.4102157841536056, -0.15753201756681445, -0.5003694958937448, -0.11593086728876068, 0.1667717498954555, 0.5204165899606765, 0.46685633328895526, 0.44420231435186985, 0.47701000767614676, 0.02348411715172327, -0.4797168459049055, 0.5413634110990568, 0.01285310239532289, -0.2691640943483842, -0.6157982868870846, -0.6712471919438219, -0.7805418429559889, 0.460130309721847, 0.1251544345349045, 0.7840313183324041, -0.6098501452952179, 0.7895395695792646, -0.9148668099525046, -0.11334041577652454, 0.7866850436028012, 0.3378352570226535, 0.6422495306667406, 0.3232747261598792, -0.6638827964341023, 0.3969936353134229, 0.24875569618465443, 0.32000260558699, 0.8857657808891453, 0.58691297018222, 0.9627727424943, 0.9443533534652719, -0.6833351251522362, 0.4590465504769843, 0.5001492889779533, 0.6684807875570564, 0.8895195950960799, 0.49786631451434404, -0.6447453094555202, 0.8344934540726152, 0.46222140660309874, -0.597746073718741, 0.5443563592461231, 0.004376755653319631, 0.5263428837724264, 0.8540801447837161, -0.6996023947034224, 0.7809955632984888, 0.23076548564492616, 0.7070005524626901, -0.7942519628781743, -0.8541770615970956, -0.311764182646014, -0.3630676700191051, -0.22411257311759591, 0.5663241556913061, 0.6859120608751126, -0.2585396377640068, -0.4063861656343781, 0.991794206494039, 0.764841481444221, 0.6389443162061783, 0.9486350754505863, 0.12221002192177477, -0.33842922662512187, -0.3813528093805132, -0.7758350888765624, 0.3152671382786121, -0.4518769688576172, -0.29310878389034567, 0.6732182086130079, 0.30495282806293367, -0.0801644259698604, 0.5959065440575702]",1,2025-07-12 21:48:39.648719,2025-07-12 21:48:39.648729
5,Bob Smith,bob.smith@nsight.com,Data Science,"[-0.7420234226762601, -0.07768763441538118, -0.16769213745310507, 0.2054484631531346, -0.6338639061254296, -0.16417457331586993, -0.7318225871042747, 0.3132362551550003, 0.6134646371952983, -0.7237160814830907, -0.2992305257439445, 0.22903161073293, 0.10256057539079699, 0.38494930474916744, -0.9094795680265388, -0.2948976841512432, -0.9162168646855162, -0.6990307069805743, -0.3233288562686021, -0.6734448699419939, 0.5219494651846577, -0.30679611848787225, -0.47601763093549265, -0.6286232529056033, 0.8080282934445331, -0.5850431269588603, -0.307429106506677, -0.23486826070783628, -0.8975839338450537, 0.7417433146785475, 0.32078472221133736, 0.7091315604012716, -0.9780840291755268, 0.6018936169653566, -0.22881612577234223, -0.06955833765336128, -0.5220655410490402, -0.3995965119041096, -0.9162224944663173, 0.16154937422897242, -0.21191453569071794, 0.8233721468105117, -0.6548998229018743, -0.30402974379650094, 0.6775884519728166, -0.4312586778898122, 0.21965886554542524, -0.09193695977989425, -0.10163648806660186, -0.5952181033259905, -0.8154284045239495, 0.5029318010972328, 0.7752491050518635, 0.6242259249957962, 0.6226010878836115, -0.091074886404932, 0.7636028365020087, 0.47265932053859494, 0.6211308143352123, -0.5045492868227395, -0.2702140542337854, 0.49274925133499514, 0.643054967674213, -0.2900580853546082, -0.752162469799295, 0.7589180157255309, 0.011832370139281512, -0.1839667162490759, 0.7682977952075654, 0.7642410028117397, 0.906398017267938, 0.8728529307434816, -0.29223800437982494, 0.16788006224584406, -0.4477407088135019, 0.6791956305266342, 0.566613554619767, 0.8675486956774292, -0.011605594353815363, -0.25210802461631787, 0.1656688256728036, -0.5093615747933662, 0.6206315430259268, -0.3246502106756346, -0.07114311155140873, -0.8236126890898017, 0.33106663372688616, -0.01690254490252152, -0.7613797210231856, -0.4911463698925158, 0.10608759472311369, -0.6414918533158429, 0.23489320867935848, 0.6588529463843948, -0.47562327759309353, 0.26910266046522, 0.935505113965551, -0.5771337949719846, 0.9850145341438856, -0.4059570964735686, -0.3258824834472418, 0.8495179144785912, -0.5891549258324646, 0.3783308054297876, -0.7530747068640804, 0.7114112403597346, 0.045470206713944306, 0.3983269353021657, -0.6656567621136, 0.5311417231636149, -0.41029273306032854, -0.5266488182414644, 0.8606475682805719, 0.327949558422173, -0.19708223574237826, -0.09552604949707821, -0.3913614945175594, 0.7854652850877384, -0.2672693628914933, -0.020154116636746933, -0.9518895233577094, -0.5807416814622868, 0.7881037224587129, -0.09243263725082373, 0.3203538799613419, 0.0706509538018214, 0.04541633221051522, 0.997990266163713]",1,2025-07-12 21:48:39.667481,2025-07-12 21:48:39.667490
6,Carol Davis,carol.davis@nsight.com,Product Management,"[0.19561159617994162, -0.12813242228012234, -0.9662600122168035, 0.1933749167844061, 0.7899562021106941, 0.06925512892439967, -0.9880893924532279, 0.8043590139319488, 0.5090392357341202, -0.6557924523916914, 0.46005823541818414, -0.25374990840488043, -0.635374412677598, -0.10931755437916668, -0.42626602135038394, -0.17843825605105423, -0.11316504363617885, -0.6457886330837783, -0.48055824570022043, -0.5408527648305099, -0.19112194759630352, 0.019684507101829007, -0.17194676970340428, -0.40352063731150367, -0.06890273743059327, -0.13205259117372603, -0.5282529051806366, 0.2741251393882618, -0.6082696489500645, 0.9875325464911318, 0.6613397722413976, 0.8488591423252976, -0.4305719155674739, -0.2265274469549432, 0.17206985375238526, -0.09030081474327889, 0.6822723487621296, -0.362780628261671, -0.1094924554801413, -0.4023233682465208, -0.3307682571766404, -0.49272898559041045, -0.09734340371471695, 0.5941722236746909, -0.1942734725227433, -0.8527854883435824, 0.4584296415687159, -0.20554457125727588, 0.14744779940586272, -0.39128958022440985, -0.7656368240875482, -0.34726337494558557, -0.8619717173970991, 0.22559534106651524, 0.9506008034081646, 0.38739979146306225, 0.5083835756600874, 0.7343837847210979, 0.5045764309970213, -0.11871183429922261, 0.6740189942863433, 0.12060633591412873, 0.529139461890771, 0.5742692704614527, -0.15472454812960756, -0.903844969339439, -0.02509693888354758, -0.5323496022822967, -0.14828986228011165, 0.6697663700511121, -0.34602451541566626, -0.11892132503632902, -0.13138986566168964, -0.5151927361243127, 0.9783358461380574, 0.988065735817991, 0.929787202091672, 0.6969502404485024, 0.7293493349288365, -0.4251371339115224, 0.20706964385346782, 0.05549805631892224, -0.7574599633067445, -0.12690485821078923, -0.7215939073551729, -0.7812764627924762, -0.7739810640804727, -0.7389162514939294, -0.3675738987026216, 0.9564808806504033, 0.7187370142565261, 0.8996963062940047, 0.7050122928956606, -0.3696465546088774, 0.4530316231143068, 0.8037671315317145, 0.473406102109561, 0.7781739299941408, -0.8213540148023342, 0.4779400742261384, 0.9545535539066836, -0.953411129834671, -0.8959294682939192, 0.7301678120436295, 0.4391850183779584, -0.20422271145113924, -0.308631166218041, -0.7422276435161763, 0.6591149597919317, 0.8783382634622845, 0.4926550403178027, 0.02458602321830705, -0.21740308111669138, -0.6430250679100473, 0.7050318707427836, -0.5336729896211336, 0.8757131753393215, -0.8079004919040882, -0.6707554524872055, -0.8036708325963222, 0.11256327577758629, -0.9119851766278306, 0.3425532736630237, 0.7159737671140853, 0.8199980339882966, -0.24551845883914902, -0.8374442073367354, 0.4287263358612565]",1,2025-07-12 21:48:39.688485,2025-07-12 21:48:39.688491
7,David Wilson,david.wilson@nsight.com,Engineering,"[-0.9220967230276838, 0.7129917201764802, 0.4930006159141196, 0.7278557864898119, 0.11996881131967507, -0.8390338528916146, -0.5367274030119373, -0.5154719597716466, 0.23100002577706125, 0.2142181857828931, -0.7916359417320638, -0.14830398135664224, 0.3098456757715813, 0.7427788813409943, -0.12302192544579227, 0.4275826476667888, -0.882275863409058, 0.8185713873474771, 0.04363382380716274, 0.45485899311723066, -0.007311250427472826, -0.744895473001121, -0.36822923576123023, 0.32480540062843977, -0.3887584094417451, -0.5562148906880786, -0.5428585548615401, 0.6856545493179091, 0.35078536323395615, -0.3127526070023392, 0.5914008904574906, 0.9599901319384831, 0.13636858767088822, -0.5884397586129637, -0.5066670003471152, -0.20873578163138684, 0.5489693374724562, 0.6531725474152681, 0.12894260577885874, 0.18009365486565554, -0.16097960209730267, 0.20879840491893664, 0.6662446213816424, 0.34730735102554444, -0.3847332551303171, -0.8835401574526294, -0.3284682465476667, -0.5153243409262667, 0.4792471583503852, -0.3606468691515796, 0.09068954032815246, -0.22142382636184665, 0.09128433987232643, 0.20263135763181883, 0.2080874722399204, 0.582247508742262, -0.16406354376390975, -0.9250363073338417, -0.6788059532665298, -0.21284572972173788, 0.9608611737820676, 0.5360892151106598, -0.038634062266301505, -0.47345639363336955, -0.40940763805437297, 0.6203146317472537, -0.8730854356274702, -0.6954048172784515, -0.024464511211246043, 0.7628427305315308, -0.9282283443312085, 0.5571064968896577, -0.6549902791068272, -0.918355819607247, 0.815490518995944, 0.9964305212584463, 0.11576934707186082, -0.7516523671688888, 0.07522943209644262, 0.9699833760237704, -0.8040895703042807, -0.08066095763011005, -0.6440876479978652, 0.16070239047656387, -0.486518181474485, -0.09818037162164917, -0.19165100350450426, -0.9615656514682576, -0.2382093808245711, 0.26042663706447255, 0.0853071097884921, -0.6644370879405226, 0.45851692883983475, -0.8246924831448712, 0.31276769649255276, -0.25369817417072094, 0.7617176699997237, 0.5512149891191991, 0.5660092766244145, -0.8570604371643087, 0.6879043557417088, -0.28381930181670967, 0.5815996796310032, 0.8200870230322805, -0.02847436222517752, 0.5881527423452413, -0.221144615450118, 0.04917316158672258, 0.5293281353543775, -0.35907408073043645, -0.46316142558392626, 0.4939672921342082, -0.8527928429333076, -0.5526753470602497, -0.6957475466264091, -0.17815679433127563, 0.47799466236033905, 0.8587249916578166, 0.1203838730521205, -0.515208628719336, 0.20448434515564795, -0.025025055645132133, -0.6549612369556124, 0.23958519179599436, -0.6546913985237188, -0.6516964235060396, -0.6999507203879343, -0.054626175251188736]",1,2025-07-12 21:48:39.704511,2025-07-12 21:48:39.704516
8,Emma Brown,emma.brown@nsight.com,Marketing,"[0.3184288618152822, -0.8583973630346067, -0.05904180366500955, 0.6859703709658487, -0.6498370306378995, -0.575506200055868, -0.5642323711353221, -0.9221834990045761, 0.4406139831960849, -0.1112258463630813, -0.3190044325692385, 0.7447454133656504, 0.18986297104043048, -0.1268039125078797, 0.6169344616914405, -0.1968281879353162, -0.46364307581503206, -0.2866403530009667, 0.29765782415747655, 0.6929121849626303, -0.6488591009470568, -0.30572477073125826, 0.3588876632410949, 0.4947210433914393, -0.9494075338936951, 0.686942669608503, 0.18678159516201442, 0.2741507915293486, -0.8142804208626122, 0.4751432446241439, 0.17236341699813407, 0.47450909201124736, 0.16968786388226031, -0.1816076920254588, -0.2808122825074373, -0.7561048145161278, -0.7158372495021466, -0.6665691424154789, -0.8131713530268754, 0.7069294136623043, 0.6513845342664577, 0.46241829296536285, -0.12489419801742074, 0.8424243484550316, 0.14488732241273028, -0.1275644062972472, -0.42511901707763533, 0.47930116220051855, -0.1364980196898511, 0.717532256939684, 0.7741939343516648, -0.9222363089432895, 0.8111654875471668, -0.11828650249945638, -0.8505321312388969, 0.39399557235354443, -0.9012927881105872, 0.7002156327326103, -0.545169524040245, -0.8925112891194185, -0.7568445856679982, 0.5341431755767236, -0.27623323472882344, 0.35784359472220184, 0.01650029683065246, -0.2978262970805854, -0.6873899208666567, -0.7864130833071368, -0.770102801529073, -0.5253589202065214, 0.5765246381423557, 0.7439127354323223, 0.07016826961452849, 0.46512702182265686, -0.30536542020211477, 0.03813769584754634, 0.9499442605958035, -0.25666676632459895, -0.7451656732469396, -0.4352695273432794, -0.19141391395716334, -0.6400974467698364, -0.38115650357848696, -0.3730382083380732, 0.08375973097304246, -0.31845974886299255, 0.2554376807233829, 0.30698967952973066, 0.3781411605217917, 0.15244303593847985, -0.2321518407864227, -0.4322198264267798, 0.9593842161369406, 0.9705116451993463, -0.2092967859447119, 0.9639407313186734, -0.28967388903868496, 0.8495513554979439, -0.13500421722015488, 0.621718739652074, 0.8572052410697448, -0.7574703789190738, 0.9934364244380156, -0.5097505909684823, 0.5197655822312095, -0.6870532026871823, -0.25022294730286876, -0.1055807634065713, -0.4474513641377109, 0.43426720750183123, -0.312282656900674, -0.5269039529479176, 0.9477899195315465, -0.3353030227865188, -0.9405948060911447, -0.021191342571585503, 0.9962886453124986, 0.45314949589907605, -0.05583109409499598, 0.1398695782806625, 0.7071838131583201, -0.6194695090343076, 0.24497912887313888, -0.9333092919406409, 0.4746782963624836, 0.28511251509747204, -0.24885366685028765, -0.9667053455552508]",1,2025-07-12 21:48:39.724714,2025-07-12 21:48:39.724720
9,Arnav Mehta,demo.user@example.com,Demo,"[-0.06204738716284434, 0.04627381679084566, 0.03987097036507395, -0.07262821164396074, -0.029657714844991762, 0.04822218055940337, -0.011666943319141865, -0.05349332042452362, 0.1927632855044471, -0.15007699446545708, 0.24241787360774147, -0.06037223318384753, -0.16545704669422573, -0.10754699673917559, 0.012052496119091908, 0.10487636923789978, -0.10971283084816402, -0.15491990662283367, -0.05959656275808811, -0.096741930478149, 0.02435915252297289, 0.049123157229688436, -0.010352200569791926, 0.032337663798696466, -0.20670486489931741, -0.3812156584527757, -0.04381470371865564, -0.10057202726602554, 0.0048091792398028905, -0.130876158674558, -0.021459046233859327, 0.11446920865111881, -0.22990353239907158, -0.020910872767368954, 0.019615205004811287, 0.11660729845364888, 0.0022074355899045863, -0.012551853433251381, 0.18595748974217308, 0.014689025572604604, -0.14135408484273487, -0.0060971675751109915, 0.03344292690356573, 0.2588836931520038, 0.16453271938694847, 0.00857140214389397, -0.018233747945891485, -0.06623880937695503, 0.14117371870411766, -0.22069720261626774, 0.11839271502362357, 0.078135437435574, 0.08788299022449388, 0.02781237941235304, 0.09824200222889583, -0.12368085814846887, -0.03827955967022313, 0.05487432289454672, -0.17626943190892538, 0.05211174115538597, -0.013723332331412368, -0.08093874570396212, -0.07651436908377542, -0.06070286501199007, 0.19700214763482413, 0.08040653500292036, -0.08543774775332874, -0.139562103483412, 0.16021579007307687, -0.11047443250815074, -0.0053142183977696635, 0.09591015676657359, -0.09556702938344744, -0.16055844889746773, -0.30188171399964225, 0.09498978157838185, 0.41529151797294617, 0.11339840872420205, -0.19583301411734688, 0.0664339212493764, -0.00953527770212127, -0.055287188953823514, 0.10230774018499586, 0.08614204741186565, -0.05318364024990135, 0.027591326894859474, -0.05099458247423172, 0.13446508430772358, 0.19367363221115536, 0.020611361290017765, -0.11664615240361956, 0.1674297336075041, -0.07653617507053746, 0.07326878441704644, 0.04467096759213342, 0.016922194976359606, -0.09161873782674472, 0.003970076174785693, -0.15095837828185824, -0.020225592164529696, 0.08344067922896808, 0.007851692744427256, -0.030092785962753825, 0.1459465151031812, -0.14562414503759807, 0.14303725626733568, -0.02066505400256978, -0.05874538721723689, 0.011736087345828613, 0.026047599812348683, -0.11973073581854503, -0.033001266316407256, 0.10837224456999037, -0.2891611125734117, 0.13007093303733402, 0.08563524236281712, 0.031642654082841344, 0.1759562525484297, 0.07182137668132782, 0.017917201336887147, 0.056140212756064206, -0.008584947946170965, -0.21178489757908714, -0.047551300997535385, 0.09458503209882313, 0.011277573700580332, 0.10168110413683785, 0.01203843169949121]",1,2025-07-14 06:16:53.034466,2025-07-14 15:26:10.300363
10,Sarah Chen,sarah.chen@company.com,Marketing,"[0.08680988358193087, -0.4432612298124077, -0.15096481850173382, 0.6895522646398073, -0.9905622876180549, -0.7568617584337716, 0.34149816945355727, 0.6517055102100953, -0.726586820630094, 0.1501866588545, 0.782643908624528, -0.5815957557656208, -0.6293435608998499, -0.7832462190714897, -0.5606050147500157, 0.9572475694147393, 0.6233662981786465, -0.6561179745348116, 0.6324494974516799, -0.45185250591660164, -0.13659163267375662, 0.8800596392447493, 0.6352987575534548, -0.32777609975820265, -0.6491790925153267, -0.25433590742015366, -0.9886229852948532, -0.49514729311031913, 0.5913250169465747, -0.969490057507322, 0.19768675385698575, 0.20760907808570717, -0.7897046291758874, -0.2361131101137799, -0.9270478868148622, 0.7808231268841515, 0.9618417140246229, -0.8801160223639255, 0.7810918894570082, 0.15380299880006576, 0.4849593781959547, 0.26036787295075214, 0.16368438479755576, -0.9591217359461537, -0.5799468446542788, 0.08936975635729505, 0.5382303422113033, -0.49860954172320815, -0.4282086191862706, 0.7047901756826127, 0.9500129872131751, 0.7697065869822111, -0.28098431212619546, 0.19771789175149435, -0.29040877668540044, -0.3196195692587085, -0.6438380209883903, -0.5246115827518991, -0.9102754350784494, 0.010862859271578484, -0.24749509140527404, 0.18561080195177326, 0.25988375117499474, -0.714799371107433, 0.8676825989328381, 0.8927597616182026, 0.2045933154617312, -0.22446743934673852, -0.27362399178130037, -0.5913094462627115, -0.44646987720732967, -0.5069282375929007, -0.6527839965195898, 0.9332193889746472, 0.9140252007055962, 0.19594736865784146, 0.4626015061198452, -0.3192295543251278, -0.8158887932455228, -0.07300396212570459, 0.0173977864763879, -0.8230796539942185, 0.05607044663609484, 0.9843160730210565, -0.2099281364835408, -0.32880711656286343, 0.6109010746585595, 0.5086979891647072, -0.37386711682298057, 0.2680733659245502, 0.08080915060143279, -0.4064124982399706, -0.7784241976351085, -0.3747194042485138, -0.08604173990146835, 0.3178801404523939, -0.4914849643645638, 0.28220251740140334, -0.5997527855631937, 0.31524961105796745, 0.556578430899697, 0.5591967972214993, 0.22065630641878764, -0.38199930295119566, 0.39546981502591194, 0.7192365914581302, 0.2506475155136152, 0.9648156592190993, 0.9530002540317106, -0.6666117376022838, -0.9536437270431928, -0.6785109029858367, 0.8469936505181748, 0.9070996997590679, -0.5780431625631073, -0.27894949837078364, 0.09875052325534428, -0.4563383016460558, -0.07879675785029971, 0.39232312964677063, 0.0007117933497300388, 0.4321419811286722, 0.05191187245955797, -0.9972019537619123, -0.21059942662032904, -0.015666060197700116, -0.19423933724171571, -0.29140339978735885]",1,2025-08-04 18:57:38.462385,2025-08-04 18:57:38.462389
11,Michael Rodriguez,michael.rodriguez@company.com,Engineering,"[0.03279725540489231, 0.14133517373627957, -0.9430515470438061, -0.6569566875497939, 0.3705539633946251, 0.6677937252721531, -0.3860675606555244, 0.7872261593667946, 0.4430877235366093, -0.6201220915904064, 0.10845518224957429, -0.29573609194677175, -0.6362151946798427, 0.5712035237287176, 0.9309664448239385, -0.5352926763704786, -0.8328771326733126, 0.20709684458243705, 0.4579855145752356, -0.44752234300547444, 0.37061265756035655, 0.035734948394094745, -0.9030309251471988, -0.7242615248757878, -0.6260651477241579, 0.988635802308194, 0.04133079336993384, 0.1575790709508338, 0.46963811653876375, 0.08392354445918704, 0.8263071153515371, 0.6158403019758343, -0.19400433861242528, -0.2855513143584243, 0.9057534294217464, -0.31273684421488035, 0.730199632636656, 0.660555424397594, 0.07632289849511475, 0.8449387451344472, -0.8057070404699689, -0.794305013678501, 0.4030145913916514, 0.7809597382568627, -0.6808793982035919, -0.4488549102060928, 0.3449830593136112, -0.6713937519596596, 0.4027422732181727, -0.02472955558854384, 0.36135553635271767, 0.04309638465171872, -0.9132066111318313, -0.5521267929960447, 0.15041017373602594, -0.7591326797454152, 0.0002334276015865111, -0.723980863482208, -0.8943831978214676, -0.6434461549276966, -0.11526373697451042, 0.7551746492552696, 0.8985282579703879, -0.04366516642086116, -0.0777613154271306, 0.274578062034714, -0.35078400712492597, -0.7648438139440119, -0.8977980072084508, 0.2753173056356506, 0.6245317898223288, 0.3405208406672713, 0.30353540695273873, -0.15086211287643114, 0.31319067239905185, -0.5816770022781503, 0.3198490377343348, 0.0592467975060289, 0.49704073970098483, -0.8124862882614841, 0.5690436999513093, 0.37448407515337734, 0.39015699301620255, -0.006266960806516009, 0.9507222540682758, -0.5929447587969578, -0.40195918069437675, -0.5446882144116136, -0.9036622291159724, 0.8079427149052238, -0.8397929226517344, 0.2144325435721961, 0.2616934072630266, -0.24411613620719486, -0.973517977827207, 0.6844388237018513, -0.2301245078751113, 0.1033316901527086, 0.42107628012710174, 0.350557701438059, 0.38912932954489055, -0.31508646427599896, -0.1752188726552788, -0.5204180689198497, 0.9376719523827499, -0.4228859847702362, -0.7053767746118971, -0.7413191202934843, 0.8881121009223731, -0.2971314709735535, 0.46713522633605353, 0.8277790535300831, 0.4019749884281749, -0.22293745590448077, 0.8845185777149818, 0.47298266253571697, -0.5230712240110729, 0.6475474565403856, 0.5212268903645456, -0.21058185192558887, -0.5996241654023498, 0.4251929465256301, 0.6906177939310927, -0.26270691787307276, -0.12603976198352584, -0.2868046714614072, -0.5205251863260181, 0.30675628250426223]",1,2025-08-04 18:57:38.473209,2025-08-04 18:57:38.473212
12,Lisa Thompson,lisa.thompson@company.com,Sales,"[0.19536316987212632, 0.3519738087445681, -0.4014365179805963, 0.4614805358180687, 0.1574787821219379, 0.6180353392413818, -0.6655029917021691, -0.3757100628462, -0.28413689206287684, -0.016505401857587865, -0.019603520826090293, 0.7888197751736503, -0.6351789492643436, -0.2776758297441284, 0.621182920711131, -0.33310634078087253, 0.03790099245781975, -0.47675955224799305, -0.7381438186977898, -0.7551656246953229, 0.10331468848511083, -0.9412325865652813, 0.2055502418418329, 0.5017646672127669, -0.5018585633700454, -0.6046445167436758, 0.1479121198917588, 0.8035968391660748, 0.032432874600495154, -0.19760271688094422, 0.03497949961132085, 0.8747821464227221, 0.7008164400811652, -0.6489940836077477, 0.039638283062250146, 0.01152870391175509, -0.30287928075317816, -0.8583144731979593, 0.15196401519048108, -0.19657459699095647, 0.8228301220144356, 0.6177710234844553, -0.735886223811232, 0.42972883545313567, -0.30667417045976575, 0.2288229813130913, -0.42502073126211504, 0.9711394207448658, -0.4555736472858507, 0.638783036219158, 0.19903169364553075, 0.4409095440758988, 0.9197503211581175, -0.8142855978650319, -0.08897945121930584, 0.7650964789217063, 0.39540770025932925, -0.35750303278865037, -0.2754163922721491, 0.4672749130399583, 0.245084793744077, -0.5634360436879133, 0.9654096338128584, -0.19938794902748924, 0.4329200712537469, -0.38960926554298725, 0.29836911056709603, -0.25198982945404014, -0.26643428619121035, -0.9494905979097619, -0.3038669160028393, -0.02464098482952881, -0.22105771375361827, -0.2716599256228367, -0.014906758597000858, -0.9276797118627882, -0.549060405043009, -0.7311492276403324, 0.6003227183929902, 0.3520644747925352, -0.7302877683530118, 0.06504143486490266, 0.537909841987888, -0.3989661574889012, -0.18010171260004415, -0.23335341455341907, 0.952649757886082, 0.07611391017527502, 0.8209886713585335, -0.6376265225878215, -0.43493292617125157, -0.8368591937676042, -0.781756266556419, 0.20220032278661781, 0.4202130410090734, -0.3596227452632912, 0.4604770560219158, 0.6435646924737441, -0.14327420617059583, -0.6388497858595299, -0.8032572654160324, 0.2874154522461658, 0.3583132081593081, 0.08874573298812916, -0.2709175168489155, -0.8286099288650806, -0.6212836355067086, 0.9583373441317022, -0.9412037461730556, -0.025929991497102955, -0.8897736279829511, 0.3454132586623342, -0.5559988583073221, 0.9570950129073077, -0.2203528234815506, 0.954617978842095, 0.31479170664512357, 0.4398372944329949, 0.29783623723934904, -0.9446550064419741, 0.5241454385584143, 0.4223250307591453, -0.01935168635604101, -0.16749331063805095, 0.1409411675906742, -0.8640916857849712, 0.66149558159623, 0.9136658290186463]",1,2025-08-04 18:57:38.481709,2025-08-04 18:57:38.481712
13,James Wilson,james.wilson@company.com,Engineering,"[-0.1357775887981949, -0.6515694736023387, -0.6581126294449959, 0.6552644952412825, 0.17434252025144992, -0.08129250871057603, 0.64536951603572, 0.643096221735987, -0.38575949700572165, -0.5982112484903295, -0.19353508427287203, 0.8957786647047379, 0.35508886098667203, 0.21795020823237388, 0.3447267361033959, -0.9840347777879177, -0.32688016765477634, -0.2854553315220836, -0.02788002507637599, 0.7565648370681681, 0.5098173806223911, 0.2609298887146767, -0.24703262808676296, 0.18032318900551392, 0.4746574876976086, 0.19229290306391822, -0.815040735143898, -0.19545808372943374, 0.17937299926341366, -0.7691742339633574, -0.2236114854535547, -0.8804771005708216, 0.16791569514436455, -0.66654920527384, -0.3038092361983, -0.15620176269683816, -0.5010522607896757, 0.5399056041880994, 0.10262043110413233, -0.9474158889823279, 0.5419516313719148, -0.8135649728093255, 0.4055924067877654, 0.15907766418671954, 0.19843561485257255, 0.7145399434557209, 0.10233929344333137, -0.8353119953441372, 0.4669915943867129, 0.06771525410201185, -0.31582187788487226, -0.05677777758547964, -0.5568558562332506, -0.6470490986325448, -0.050927943922283836, -0.2775255209320602, 0.6488795461985319, -0.7079997331773067, 0.6391383255179728, -0.6322620596313313, 0.12602650597598286, -0.7518240190207379, 0.3878375683796391, -0.9240684296174064, -0.4119333106769181, 0.793635024188029, -0.43235878207642053, -0.568278811255623, -0.9429860819628177, -0.9292770361436868, 0.74690729128459, 0.9545991109982548, -0.47097119665606724, 0.8874613281715469, -0.9197608472041825, -0.42345663085405016, 0.35948100696325014, 0.2383298620904919, 0.436699500754516, 0.13603542299703486, 0.8379208769156767, 0.012520358582061242, 0.7616600755258627, -0.06700614569322805, -0.5694530214288047, 0.7070845656342117, -0.6859917003372527, -0.9726526273216305, 0.4241716475552224, -0.02341326657207654, -0.494543706676575, 0.23953729627718645, -0.3571464378551612, -0.8321160984053664, 0.9118052780066297, -0.49335454941557244, 0.7994921040148055, 0.9077628923627408, 0.5906984155072961, -0.6573193621188318, -0.8995986127870435, 0.6657598633234125, -0.026552442580131563, -0.8085169516540605, 0.7612009990083697, 0.060030859579084606, 0.9111672497150827, -0.5418749464300028, -0.05236581369241233, -0.677873879657477, -0.5400374336429188, 0.858036994524217, 0.8414284799098066, 0.6647569243708025, 0.15924691301304317, -0.4085134777537478, 0.15776285430966275, 0.9532282564160592, -0.41975802119213146, 0.13644048530239616, 0.85761652655748, 0.9353827254192437, -0.7257364090708549, 0.48276843883555487, 0.9199367258590629, 0.5161627461038707, 0.07824289773272652, 0.5042860017741675]",1,2025-08-04 18:57:38.490020,2025-08-04 18:57:38.490024
14,Emily Davis,emily.davis@company.com,Marketing,"[-0.7041587513038305, -0.543403286000067, 0.6149867241007532, -0.40305084891983367, -0.6285865157987665, 0.5442746146488637, -0.1891209543428527, 0.9918090760065206, -0.028349029293135652, 0.302840235771368, 0.20109154386527672, -0.9531538597211848, -0.34308328597930715, 0.6405373062391544, -0.11739146701544234, -0.5266327152952346, -0.16389150048752676, 0.8614577687032201, -0.6657945024748073, 0.5191901402672885, -0.7535956639906705, 0.33770774566757233, 0.40278506482120635, 0.31581247471814655, 0.5419681097199402, 0.8701018261898994, -0.1412830861450043, -0.4697352930858314, -0.574405558049705, -0.5717651803723245, 0.046045336223663025, -0.7900430231133209, -0.9530787889744989, -0.7747332087718888, -0.5854402181509604, -0.8821465230373535, 0.28233147560662486, 0.21453383260084236, 0.8626290896635247, -0.44607755098122914, 0.23021461719219993, 0.3089819447882911, -0.36197805462271226, -0.8509259759810632, 0.409798544192703, 0.7107123360685694, -0.39105769408383373, -0.5424412596511603, -0.4163801667123044, 0.5587653615623722, -0.14994888214656954, -0.8640609192964344, -0.7599970409297545, -0.26541708231554506, -0.3316292434765795, -0.8457016273818463, 0.4269354412008697, -0.7316593717830742, 0.06286456902722892, -0.25558235697813414, 0.3963323408662305, 0.6391963663030611, -0.0782544831421712, -0.2532458466052734, 0.7920357661263067, 0.044105203410527816, 0.8799269181855818, -0.9878676919663179, -0.3542195861342363, 0.9247142085783118, 0.3049540893341609, -0.8702336962838844, -0.6118083179664457, 0.13873915264073244, 0.5261288726220847, -0.1703286403750297, 0.5048676816502466, -0.45413863123030307, 0.24523356810159935, 0.4792829154201226, 0.651593973024253, -0.44788549538538525, -0.7871601542738937, -0.5373668048334075, -0.5788851078099191, -0.3998997673609064, -0.9814235343485025, 0.5840973379740106, -0.4613746176993687, 0.9489070485860451, 0.7638722787032513, -0.720626338258143, -0.5723610300681634, 0.780093953582145, -0.38563676738608077, 0.9099801170878785, -0.697513096118427, 0.36637333552285645, -0.42714738014281073, 0.42309563413826656, -0.5582903748865993, 0.7694742160696251, -0.4849116077746978, -0.7311313481658948, -0.7946226173585944, 0.1904198032818496, 0.5379966655828399, -0.390003705336311, -0.6979926863209789, -0.7109139488133542, -0.22254058251712294, -0.37582162636764793, 0.23695550113708608, -0.9784213565482178, -0.8348723750423985, 0.2912699710002362, 0.12537518224500022, 0.8205301043827309, 0.9536452575633088, 0.9318064624260063, 0.17090353207703912, -0.47496811534828143, -0.26604216283343596, -0.02125251453427035, 0.44931547329282595, 0.26658948719004605, 0.4059891313169228, 0.6634973062510496]",1,2025-08-04 18:57:38.498087,2025-08-04 18:57:38.498091
15,Robert Kim,robert.kim@company.com,Sales,"[-0.8325201522072356, -0.332987415041998, 0.7187114901772942, -0.788626329361831, 0.07128008804350783, -0.8726208604994881, -0.406330842659929, -0.9955095263597662, -0.09776818118151542, 0.7672392126575192, 0.15411520044483673, -0.5022445623668093, -0.31689389168606685, -0.8596034275201032, 0.07695050400214853, 0.05096745622522736, 0.6375932736664636, 0.3726611671270268, 0.2619342440162191, -0.2592217331784532, 0.07221705030884262, -0.6536760543601834, -0.6681248433359683, -0.7790610552293682, -0.3482942392640296, 0.7948280718881651, 0.09687408434210831, -0.5172593554497193, -0.34399279838405294, 0.17785680956219752, 0.5903412091083866, -0.03765630880607129, 0.15237202123132665, 0.1802279746211768, 0.5957956037707721, 0.5562474539344981, 0.3332948541638343, 0.02245098126692291, 0.07270957447825177, -0.6535559970436233, 0.35149003188007755, 0.816315996108387, 0.07097401396528946, -0.6315582254854919, -0.8172808420806974, 0.14211686217512876, 0.6493006419539096, -0.6855588006009734, 0.31735832289397137, -0.8161277597603283, 0.8969866383174063, -0.8084492744368539, -0.1411814755661236, 0.25399952392745795, 0.5408222325048622, -0.05350499630130545, -0.44064723256319827, -0.5032039650105753, -0.8044874575615775, 0.5091124191040723, 0.0504049371558406, 0.6019828613094018, -0.38583195840897044, 0.2382908796861396, 0.9984612755116837, 0.4960448438716385, 0.07713892734711458, -0.1534026512744897, -0.9608009135822151, 0.6304478646027343, -0.8080056686326855, -0.8016540454759233, -0.534580672609563, -0.25434369129440637, -0.7902885002175926, 0.24543351399830304, -0.31668222132417, 0.9640854860999533, -0.10151653048436526, -0.12155536467189232, -0.36867834642407904, -0.07034598244960621, 0.09751136427799811, -0.05397716580538492, 0.9077120489487571, -0.04368765624226989, -0.4101456284890803, 0.23166187119796877, 0.03153769360864622, -0.37158244019908704, 0.09514945483406789, -0.07135759463283975, -0.528820260698591, 0.8705839215669622, -0.046663351709840484, 0.32217789245476314, -0.05058837132310834, -0.6437104821097122, -0.8789509857100872, 0.495565815673249, 0.19205623933318638, 0.20842621372802128, 0.2012740361715304, 0.516026540685103, -0.585003841220362, -0.7685266704663389, 0.7795029865458094, 0.8789558571553242, 0.031889882116291624, -0.7807015574640954, -0.22072163111854715, -0.3027907188745993, 0.5414732923085865, -0.4843864547843144, -0.4962793385017976, 0.8608811164308916, -0.24221829880639412, -0.6462396388428782, -0.5407153112780576, -0.43767421570090903, 0.4372750907963874, -0.18913471366630974, 0.7354284801211788, 0.23713744141687032, 0.09028304385410735, -0.443909709477744, -0.5999295529691517, -0.3572185967953203]",1,2025-08-04 18:57:38.506280,2025-08-04 18:57:38.506283
16,Jennifer Lee,jennifer.lee@company.com,Engineering,"[-0.9828704045032419, 0.9086133461634698, -0.10086993129163169, 0.22043754345423205, 0.7041196349506078, 0.47762042279387185, 0.9488631786860526, 0.7149237492659115, 0.7108209905021556, 0.7190515052334903, -0.29544216782325927, -0.5759364308975972, 0.5608887550483699, 0.7988225047704418, -0.9045206952686946, -0.725105283425348, -0.6473390302722071, -0.9265049858139911, 0.020985668105501842, 0.5341592874300067, -0.03052296333647342, -0.5807724810759209, -0.16230178633541725, 0.12801784132394767, -0.2169710505179685, 0.02692536090353448, 0.39229607575425507, 0.9916338513648737, 0.21494134001365506, 0.6394934530162208, -0.5743982142945632, -0.43047649260366194, -0.11798814440331129, -0.2613110048306033, -0.8080837611255858, -0.46605145554881333, -0.5712033445507347, 0.6278741767322318, 0.8553201759745392, -0.06469449026440732, -0.9276093522231572, 0.2692443991899931, 0.6439249059509138, -0.4480944557521833, 0.04996155434511551, -0.6374582372511626, -0.2665371422962308, 0.039477797378285606, 0.19212615978198877, 0.6515875303068033, -0.9213255594542202, 0.27027574352785666, 0.7689734210078867, 0.8550995549082749, 0.06033489679524662, 0.5218768856595948, 0.8074232830511294, -0.8836760252905922, -0.10613934083679144, 0.07519471942117084, -0.5427224016343692, 0.13736791947838256, -0.5896824569982122, 0.36845987299638283, -0.5773436385754838, -0.13737166336798223, 0.09567258402817536, -0.1877823594134107, 0.12039462858280991, -0.519022034105153, -0.6431046041952595, -0.22883820660470122, -0.8320258638074653, 0.49798408830014695, -0.39703561334656046, -0.6550933953840388, 0.5666469629314086, 0.3788943592077494, -0.5270606706920906, -0.6667593965202381, -0.7425840902419318, -0.469798335843882, 0.875256779750645, 0.5966919096614223, -0.9291556339457454, 0.9330297183969285, -0.6738754322284242, 0.6072780018779005, -0.4979261417258296, -0.12995423891631086, 0.11734438911242706, 0.6475446963540687, -0.6483224238010177, 0.6557396009112246, -0.2939798668550577, 0.4418098040301961, 0.556550267639216, 0.7681818936422871, -0.15438424085337688, 0.9461429882196959, 0.7304402197661648, 0.9806048321135272, -0.17125892868205317, -0.16291107463579646, 0.4574322341526964, 0.4196293934177664, -0.22741541289258893, -0.9203123893302265, -0.27914660137644653, -0.1388832856045601, -0.4557644441695492, -0.8849662984244389, -0.5441368731089848, 0.9275812198408395, -0.48252620484542685, 0.5826602483902403, 0.4179408984690387, 0.46647840992636547, 0.5504598459670116, -0.3377686756173581, 0.9079535723872103, -0.4046051688133059, -0.7410362279059584, -0.8256283398666782, -0.8613917483632236, -0.3706086270061528, 0.7953905410519966, -0.6167889604467451]",1,2025-08-04 18:57:38.514799,2025-08-04 18:57:38.514802
17,David Martinez,david.martinez@company.com,Marketing,"[-0.6745900811097303, 0.5095617553026999, 0.12680369729555463, -0.5494711712624831, -0.31747643075368104, -0.6950175461578416, -0.309617568642222, -0.9166502302389801, -0.5041192517816153, 0.19954561511399116, 0.9419428612819958, 0.40412786684984714, 0.43989786080790716, -0.6047636102299785, -0.008396905611382843, -0.5812151765862068, 0.5793557885767155, 0.6367772032642978, -0.7349886784677471, 0.8518972402773055, -0.8210562077848864, 0.09863601093537921, -0.8366320565477154, -0.07901337257180341, -0.22997164078264754, -0.02266558560758214, -0.05215824660343471, -0.48405640835433195, 0.991706926814431, -0.23100935038214487, -0.13889312866027592, 0.8329742459288592, 0.866358257707563, 0.9306966929737854, 0.050498889015754056, 0.7958935120534263, 0.06128008124261264, 0.20508365955719965, 0.4218892623695565, 0.9739459730300768, -0.3453480190381204, 0.375059893358038, 0.8715422723329489, -0.9059406564360715, 0.08986695012951551, 0.39638699575478764, -0.45616131148602057, 0.8005919760633275, -0.2792574190003845, 0.8807417949850433, 0.23697142691591955, 0.3492298101659419, -0.822305314693766, 0.43631303787950215, -0.2855273768160038, -0.7761661983303905, -0.12787309685119097, 0.5917703823786142, 0.07195946863967917, -0.5079350470700439, -0.27167846151491504, -0.22791865962534796, -0.6793575115865889, -0.28619908716110753, -0.8827253267643085, -0.05937945679618517, 0.23833648776619643, -0.6527201420189266, -0.25107984544853434, -0.8678853721741013, 0.03617144191414923, 0.6009333004632889, -0.4653130052021892, 0.9370859266849074, -0.9445564671108768, 0.37701938550901914, -0.9597186833106199, -0.3873441321956139, -0.421633663730943, 0.6197115199310119, 0.45658070614499713, 0.818367713425552, -0.6498446021974442, -0.8346219418692395, -0.28422824834620863, 0.4799794221373255, -0.2779880303013571, 0.061046514695723086, 0.9526690307393852, 0.8612916152265997, -0.4671339986634442, -0.40605382653574185, -0.7096037327410758, 0.25392046868256224, 0.5461517280274535, 0.19496028267351373, -0.3250082118921598, -0.30611338058851323, -0.09972925747536188, 0.4543744735196973, -0.9165824430142111, -0.06927306234628139, -0.9787537093136449, 0.6460745359314624, 0.6563928851910896, -0.7172275791439944, -0.16883824397721447, -0.7067738987760279, 0.12120798390520693, -0.05800496665020605, -0.24593113099481, 0.4175277360449665, 0.680084631065379, 0.7797797771048285, 0.15531521877861598, -0.3576395813287565, -0.33736644338619004, 0.80511416777916, 0.6477908938746921, -0.8522222257670342, 0.8455229595581519, 0.25613585332598476, 0.48248856620579916, 0.14048099759095378, -0.2880499262884002, 0.41951749192097654, 0.5605932433445142, 0.040382340758539303]",1,2025-08-04 18:57:38.523235,2025-08-04 18:57:38.523239
18,Tristan Chang,demo2@example.com,demo,"[-0.9525607822730364, 0.5288175429676816, -0.0067262754829122695, -0.36144497784348495, 0.7420757249680603, -0.610135717451382, -0.832876174474396, -0.8994086738121734, -0.35440419637324294, -0.8626969560695155, -0.5970600889614679, 0.5867475140337195, 0.5679908743386226, 0.5200627103814104, -0.09816006418784018, -0.022154548234475824, -0.8776999493306108, -0.9172264388141482, 0.9964747400747231, 0.744084866705353, 0.8777208020379732, -0.28527422803036395, 0.4072728519835822, 0.23734939571225055, 0.978632867951714, -0.44912807240564634, 0.8517136035130715, -0.2215097350001365, 0.7728704852209158, -0.32779789145307614, -0.8150440134532677, 0.9624671149339554, -0.7306903721249169, -0.6739757194688145, 0.936023684450247, 0.9340721438891817, -0.46138305464252527, 0.09218036434413746, -0.5717564846504277, -0.0019045421460213152, -0.9775302053067463, -0.48845858585748503, -0.003609734023313216, -0.8164737460503793, 0.6630850317815424, 0.5128705991564488, -0.5485755508192474, -0.9261843760631743, -0.49003810476462983, 0.22674824752665867, 0.7858510764989257, 0.8250712026464124, 0.9134634236345667, -0.5111212211994167, -0.6640923798710554, -0.7883512982337773, -0.2755728812411151, -0.7250857131742008, -0.801623494776361, 0.46138469391631376, 0.1880859214817383, 0.3000201778490179, 0.8638226629175083, 0.4789364236564979, -0.6204009919190359, 0.38308061982337227, -0.24140079811611748, 0.14359982000929272, -0.21102171119182067, -0.2884347487331844, -0.4309530217030615, 0.8990822213090923, 0.5617936417971638, 0.8994815543694192, -0.6528135547559819, -0.900951978882041, 0.8355288214372172, -0.17444163478318564, -0.7825454651970869, -0.8406566569434388, 0.3856654837537741, 0.03340070657500638, 0.5530550101684899, -0.1601836170759099, 0.05930577242423829, -0.3656220703234596, -0.9205967296939099, 0.5365467574515876, -0.004500476430200129, -0.9281027184093951, -0.7374286477404641, -0.9810116123768877, -0.5917413411321768, 0.9875718300816534, 0.24895292222819299, 0.6059732716379211, -0.42046905402671797, 0.8704119152139069, 0.06330690127153416, -0.7860686190577122, -0.034390863360071355, -0.6165741279666412, 0.9829573470988295, -0.269616178531642, -0.4614975241332868, 0.4414577457603941, 0.7461212892480111, 0.08916542971839436, -0.876683448378079, -0.9257319847876146, 0.8953492059302672, -0.9163075101976215, -0.7915676036548103, 0.11112317011613082, -0.850966047784985, 0.6568490058556109, -0.8663644200002754, -0.3993022173455434, 0.5637657972558001, 0.18861066620742806, 0.9511025897921774, -0.9785218003758651, 0.03479046092186122, -0.8324779244401568, -0.02033908055303968, 0.46821034443357945, 0.8580425691402349, 0.9447839753369229]",1,2025-08-05 17:28:37.535659,2025-08-05 17:28:37.535663
